---------------------------------------------------------------------------
			--[dbo].[Categories]--CatID(PK),
			--[dbo].[Customer]--CustID(PK)
			--[dbo].[Employees]--EmpID(PK)
			--[dbo].[Shippers] --Shipper(PK)
			--[dbo].[Orders]--OrderID(PK),[CustomerID](FK),[EmployeeID](FK),[ShipperID](FK)
			--[dbo].[Suppliers]--SupplierID(PK)
			--[dbo].[Products]--[ProductID](PK),[SupplierID](FK),[CategoryID](FK)
			--[dbo].[OrderDetails]--OrderDetailID (PK),[OrderID](FK),[ProductID](FK)
-----------------------------------------------------------------
-----------[dbo].[Categories]
	CREATE TABLE [dbo].[Categories](
		[CategoryID] [float] NULL,
		[CategoryName] [nvarchar](255) NULL,
		[Description] [nvarchar](255) NULL
	) ON [PRIMARY]
	-------ADD PRIMARY KEY CONSTRAINT----
	ALTER TABLE [CATEGORIES]
	ALTER COLUMN [CATEGORYID] FLOAT NOT NULL

	ALTER TABLE [CATEGORIES]
	ADD CONSTRAINT PKY_CUSTOMER PRIMARY KEY([CATEGORYID])
------------------------------------------------------------------------------
--[dbo].[Customer]
	CREATE TABLE [dbo].[Customer](
		[CustomerID] [float] NULL,
		[CustomerName] [nvarchar](255) NULL,
		[ContactName] [nvarchar](255) NULL,
		[Address] [nvarchar](255) NULL,
		[City] [nvarchar](255) NULL,
		[PostalCode] [float] NULL,
		[Country] [nvarchar](255) NULL
	) ON [PRIMARY]
	----------------ADD PRIMARY KEY CONSTRAINTS----

	ALTER TABLE [Customer]
	ALTER COLUMN [CustomerID] FLOAT NOT NULL


	ALTER TABLE [Customer]
	ADD CONSTRAINT PKY_CUSTOMER1 PRIMARY KEY([CustomerID])
--------------------------------------------------------------------------
--[dbo].[Employees]
	CREATE TABLE [dbo].[Employees](
		[EmployeeID] [float] NULL,
		[LastName] [nvarchar](255) NULL,
		[FirstName] [nvarchar](255) NULL,
		[BirthDate] [datetime] NULL,
		[Photo] [nvarchar](255) NULL,
		[Notes] [nvarchar](max) NULL
	) ON [PRIMARY] TEXTIMAGE_ON [PRIMARY]
	-------ADD PRIMARY KEY CONSTRAINT----

	ALTER TABLE [Employees]
	ALTER COLUMN [EmployeeID] FLOAT NOT NULL


	ALTER TABLE [Employees]
	ADD CONSTRAINT PKY_Employee PRIMARY KEY([EmployeeID])
-------------------------------------------------------------
--[dbo].[Shippers]
	CREATE TABLE [dbo].[Shippers](
		[ShipperID] [float] NULL,
		[ShipperName] [nvarchar](255) NULL,
		[Phone] [nvarchar](255) NULL
	) ON [PRIMARY]

	-------ADD PRIMARY KEY CONSTRAINT----


	ALTER TABLE [Shippers]
	ALTER COLUMN [ShipperID] FLOAT NOT NULL


	ALTER TABLE [Shippers]
	ADD CONSTRAINT PKY_Shipper PRIMARY KEY([ShipperID])


-------------------------------------------------
--[dbo].[Orders]
	CREATE TABLE [dbo].[Orders](
		[OrderID] [float] NULL,
		[CustomerID] [float] NULL,
		[EmployeeID] [float] NULL,
		[OrderDate] [datetime] NULL,
		[ShipperID] [float] NULL
	) ON [PRIMARY]


	-------ADD PRIMARY KEY CONSTRAINT----

	ALTER TABLE [Orders]
	ALTER COLUMN [OrderID] FLOAT NOT NULL


	ALTER TABLE [Orders]
	ADD CONSTRAINT PKY_Order PRIMARY KEY([OrderID])

	-----ADD FORIEGN KEY CONSTRAINTS-----
	ALTER TABLE [Orders]
	ADD CONSTRAINT FK_Customer FOREIGN KEY ([CustomerID]) REFERENCES [Customer]([CustomerID]) 
	ON DELETE CASCADE ON UPDATE CASCADE


	ALTER TABLE [Orders]
	ADD CONSTRAINT FK_Employee FOREIGN KEY ([EmployeeID]) REFERENCES [Employees]([EmployeeID]) 
	ON DELETE CASCADE ON UPDATE CASCADE

	ALTER TABLE [Orders]
	ADD CONSTRAINT FK_Shipper FOREIGN KEY ([ShipperID]) REFERENCES [Shippers]([ShipperID]) 
	ON DELETE CASCADE ON UPDATE CASCADE
----------------------------------------------
--[dbo].[Suppliers]

	CREATE TABLE [dbo].[Suppliers](
		[SupplierID] [float] NULL,
		[SupplierName] [nvarchar](255) NULL,
		[ContactName] [nvarchar](255) NULL,
		[Address] [nvarchar](255) NULL,
		[City] [nvarchar](255) NULL,
		[PostalCode] [float] NULL,
		[Country] [nvarchar](255) NULL,
		[Phone] [nvarchar](255) NULL
	) ON [PRIMARY]

	-------ADD PRIMARY KEY CONSTRAINT----

	ALTER TABLE [Suppliers]
	ALTER COLUMN [SupplierID] FLOAT NOT NULL


	ALTER TABLE [Suppliers]
	ADD CONSTRAINT PKY_Supplier PRIMARY KEY([SupplierID])
	SELECT * FROM CUSTOMER
--------------------------------------------------------------------------------
--[dbo].[Products]
	CREATE TABLE [dbo].[Products](
		[ProductID] [float] NULL,
		[ProductName] [nvarchar](255) NULL,
		[SupplierID] [float] NULL,
		[CategoryID] [float] NULL,
		[Unit] [nvarchar](255) NULL,
		[Price] [float] NULL
	) ON [PRIMARY]

	-------ADD PRIMARY KEY CONSTRAINT----

	ALTER TABLE [Products]
	ALTER COLUMN [ProductID] FLOAT NOT NULL


	ALTER TABLE [Products]
	ADD CONSTRAINT PKY_Product PRIMARY KEY([ProductID])

	------- ADD FORIEGN KEY CONSTRAINTS------
	ALTER TABLE [Products]
	ADD CONSTRAINT FK_Supplier FOREIGN KEY ([SupplierID]) REFERENCES [Suppliers]([SupplierID]) 
	ON DELETE CASCADE ON UPDATE CASCADE


	ALTER TABLE [Products]
	ADD CONSTRAINT FK_Categories FOREIGN KEY ([CategoryID]) REFERENCES [Categories]([CategoryID]) 
	ON DELETE CASCADE ON UPDATE CASCADE
---------------------------------------------------------


----------------------------------------------------------------------
--[dbo].[OrderDetails]
	CREATE TABLE [dbo].[OrderDetails](
		[OrderDetailID] [float] NULL,
		[OrderID] [float] NULL,
		[ProductID] [float] NULL,
		[Quantity] [float] NULL
	) ON [PRIMARY]
	-------ADD PRIMARY KEY CONSTRAINT----


	ALTER TABLE [OrderDetails]
	ALTER COLUMN [OrderDetailID] FLOAT NOT NULL


	ALTER TABLE [OrderDetails]
	ADD CONSTRAINT PKY_OrderDetails PRIMARY KEY([OrderDetailID])

	-----ADD FORIEGN KEY CONSTRAINTS-----

	ALTER TABLE [ORDERDETAILS]
	ADD CONSTRAINT FK_ORDER FOREIGN KEY ([ORDERID]) REFERENCES [ORDERS]([ORDERID]) 
	ON DELETE CASCADE ON UPDATE CASCADE


	ALTER TABLE [ORDERDETAILS]
	ADD CONSTRAINT FK_PRODUCTS FOREIGN KEY ([PRODUCTID]) REFERENCES [PRODUCTS]([PRODUCTID]) 
	ON DELETE CASCADE ON UPDATE CASCADE

--------------------------------------------------------------



-------------------
INSERT [dbo].[Categories] ([CategoryID], [CategoryName], [Description]) VALUES (1, N'Beverages', N'Soft drinks, coffees, teas, beers, and ales')
INSERT [dbo].[Categories] ([CategoryID], [CategoryName], [Description]) VALUES (2, N'Condiments', N'Sweet and savory sauces, relishes, spreads, and seasonings')
INSERT [dbo].[Categories] ([CategoryID], [CategoryName], [Description]) VALUES (3, N'Confections', N'Desserts, candies, and sweet breads')
INSERT [dbo].[Categories] ([CategoryID], [CategoryName], [Description]) VALUES (4, N'Dairy Products', N'Cheeses')
INSERT [dbo].[Categories] ([CategoryID], [CategoryName], [Description]) VALUES (5, N'Grains/Cereals', N'Breads, crackers, pasta, and cereal')
INSERT [dbo].[Categories] ([CategoryID], [CategoryName], [Description]) VALUES (6, N'Meat/Poultry', N'Prepared meats')
INSERT [dbo].[Categories] ([CategoryID], [CategoryName], [Description]) VALUES (7, N'Produce', N'Dried fruit and bean curd')
INSERT [dbo].[Categories] ([CategoryID], [CategoryName], [Description]) VALUES (8, N'Seafood', N'Seaweed and fish')

INSERT [dbo].[Customer] ([CustomerID], [CustomerName], [ContactName], [Address], [City], [PostalCode], [Country]) VALUES (1, N'Alfreds Futterkiste', N'Maria Anders', N'Obere Str. 57', N'Berlin', 12209, N'Germany')
INSERT [dbo].[Customer] ([CustomerID], [CustomerName], [ContactName], [Address], [City], [PostalCode], [Country]) VALUES (2, N'Ana Trujillo Emparedados y helados', N'Ana Trujillo', N'Avda. de la Constitución 2222', N'México D.F.', 5021, N'Mexico')
INSERT [dbo].[Customer] ([CustomerID], [CustomerName], [ContactName], [Address], [City], [PostalCode], [Country]) VALUES (3, N'Antonio Moreno Taquería', N'Antonio Moreno', N'Mataderos 2312', N'México D.F.', 5023, N'Mexico')
INSERT [dbo].[Customer] ([CustomerID], [CustomerName], [ContactName], [Address], [City], [PostalCode], [Country]) VALUES (4, N'Around the Horn', N'Thomas Hardy', N'120 Hanover Sq.', N'London', NULL, N'UK')
INSERT [dbo].[Customer] ([CustomerID], [CustomerName], [ContactName], [Address], [City], [PostalCode], [Country]) VALUES (5, N'Berglunds snabbköp', N'Christina Berglund', N'Berguvsvägen 8', N'Luleå', NULL, N'Sweden')
INSERT [dbo].[Customer] ([CustomerID], [CustomerName], [ContactName], [Address], [City], [PostalCode], [Country]) VALUES (6, N'Blauer See Delikatessen', N'Hanna Moos', N'Forsterstr. 57', N'Mannheim', 68306, N'Germany')
INSERT [dbo].[Customer] ([CustomerID], [CustomerName], [ContactName], [Address], [City], [PostalCode], [Country]) VALUES (7, N'Blondel père et fils', N'Frédérique Citeaux', N'24, place Kléber', N'Strasbourg', 67000, N'France')
INSERT [dbo].[Customer] ([CustomerID], [CustomerName], [ContactName], [Address], [City], [PostalCode], [Country]) VALUES (8, N'Bólido Comidas preparadas', N'Martín Sommer', N'C/ Araquil, 67', N'Madrid', 28023, N'Spain')
INSERT [dbo].[Customer] ([CustomerID], [CustomerName], [ContactName], [Address], [City], [PostalCode], [Country]) VALUES (9, N'Bon app"', N'Laurence Lebihans', N'12, rue des Bouchers', N'Marseille', 13008, N'France')
INSERT [dbo].[Customer] ([CustomerID], [CustomerName], [ContactName], [Address], [City], [PostalCode], [Country]) VALUES (10, N'Bottom-Dollar Marketse', N'Elizabeth Lincoln', N'23 Tsawassen Blvd.', N'Tsawassen', NULL, N'Canada')
INSERT [dbo].[Customer] ([CustomerID], [CustomerName], [ContactName], [Address], [City], [PostalCode], [Country]) VALUES (11, N'B"s Beverages', N'Victoria Ashworth', N'Fauntleroy Circus', N'London', NULL, N'UK')
INSERT [dbo].[Customer] ([CustomerID], [CustomerName], [ContactName], [Address], [City], [PostalCode], [Country]) VALUES (12, N'Cactus Comidas para llevar', N'Patricio Simpson', N'Cerrito 333', N'Buenos Aires', 1010, N'Argentina')
INSERT [dbo].[Customer] ([CustomerID], [CustomerName], [ContactName], [Address], [City], [PostalCode], [Country]) VALUES (13, N'Centro comercial Moctezuma', N'Francisco Chang', N'Sierras de Granada 9993', N'México D.F.', 5022, N'Mexico')
INSERT [dbo].[Customer] ([CustomerID], [CustomerName], [ContactName], [Address], [City], [PostalCode], [Country]) VALUES (14, N'Chop-suey Chinese', N'Yang Wang', N'Hauptstr. 29', N'Bern', 3012, N'Switzerland')
INSERT [dbo].[Customer] ([CustomerID], [CustomerName], [ContactName], [Address], [City], [PostalCode], [Country]) VALUES (15, N'Comércio Mineiro', N'Pedro Afonso', N'Av. dos Lusíadas, 23', N'São Paulo', NULL, N'Brazil')
INSERT [dbo].[Customer] ([CustomerID], [CustomerName], [ContactName], [Address], [City], [PostalCode], [Country]) VALUES (16, N'Consolidated Holdings', N'Elizabeth Brown', N'Berkeley Gardens 12 Brewery', N'London', NULL, N'UK')
INSERT [dbo].[Customer] ([CustomerID], [CustomerName], [ContactName], [Address], [City], [PostalCode], [Country]) VALUES (17, N'Drachenblut Delikatessend', N'Sven Ottlieb', N'Walserweg 21', N'Aachen', 52066, N'Germany')
INSERT [dbo].[Customer] ([CustomerID], [CustomerName], [ContactName], [Address], [City], [PostalCode], [Country]) VALUES (18, N'Du monde entier', N'Janine Labrune', N'67, rue des Cinquante Otages', N'Nantes', 44000, N'France')
INSERT [dbo].[Customer] ([CustomerID], [CustomerName], [ContactName], [Address], [City], [PostalCode], [Country]) VALUES (19, N'Eastern Connection', N'Ann Devon', N'35 King George', N'London', NULL, N'UK')
INSERT [dbo].[Customer] ([CustomerID], [CustomerName], [ContactName], [Address], [City], [PostalCode], [Country]) VALUES (20, N'Ernst Handel', N'Roland Mendel', N'Kirchgasse 6', N'Graz', 8010, N'Austria')
INSERT [dbo].[Customer] ([CustomerID], [CustomerName], [ContactName], [Address], [City], [PostalCode], [Country]) VALUES (21, N'Familia Arquibaldo', N'Aria Cruz', N'Rua Orós, 92', N'São Paulo', NULL, N'Brazil')
INSERT [dbo].[Customer] ([CustomerID], [CustomerName], [ContactName], [Address], [City], [PostalCode], [Country]) VALUES (22, N'FISSA Fabrica Inter. Salchichas S.A.', N'Diego Roel', N'C/ Moralzarzal, 86', N'Madrid', 28034, N'Spain')
INSERT [dbo].[Customer] ([CustomerID], [CustomerName], [ContactName], [Address], [City], [PostalCode], [Country]) VALUES (23, N'Folies gourmandes', N'Martine Rancé', N'184, chaussée de Tournai', N'Lille', 59000, N'France')
INSERT [dbo].[Customer] ([CustomerID], [CustomerName], [ContactName], [Address], [City], [PostalCode], [Country]) VALUES (24, N'Folk och fä HB', N'Maria Larsson', N'Åkergatan 24', N'Bräcke', NULL, N'Sweden')
INSERT [dbo].[Customer] ([CustomerID], [CustomerName], [ContactName], [Address], [City], [PostalCode], [Country]) VALUES (25, N'Frankenversand', N'Peter Franken', N'Berliner Platz 43', N'München', 80805, N'Germany')
INSERT [dbo].[Customer] ([CustomerID], [CustomerName], [ContactName], [Address], [City], [PostalCode], [Country]) VALUES (26, N'France restauration', N'Carine Schmitt', N'54, rue Royale', N'Nantes', 44000, N'France')
INSERT [dbo].[Customer] ([CustomerID], [CustomerName], [ContactName], [Address], [City], [PostalCode], [Country]) VALUES (27, N'Franchi S.p.A.', N'Paolo Accorti', N'Via Monte Bianco 34', N'Torino', 10100, N'Italy')
INSERT [dbo].[Customer] ([CustomerID], [CustomerName], [ContactName], [Address], [City], [PostalCode], [Country]) VALUES (28, N'Furia Bacalhau e Frutos do Mar', N'Lino Rodriguez', N'Jardim das rosas n. 32', N'Lisboa', 1675, N'Portugal')
INSERT [dbo].[Customer] ([CustomerID], [CustomerName], [ContactName], [Address], [City], [PostalCode], [Country]) VALUES (29, N'Galería del gastrónomo', N'Eduardo Saavedra', N'Rambla de Cataluña, 23', N'Barcelona', 8022, N'Spain')
INSERT [dbo].[Customer] ([CustomerID], [CustomerName], [ContactName], [Address], [City], [PostalCode], [Country]) VALUES (30, N'Godos Cocina Típica', N'José Pedro Freyre', N'C/ Romero, 33', N'Sevilla', 41101, N'Spain')
INSERT [dbo].[Customer] ([CustomerID], [CustomerName], [ContactName], [Address], [City], [PostalCode], [Country]) VALUES (31, N'Gourmet Lanchonetes', N'André Fonseca', N'Av. Brasil, 442', N'Campinas', NULL, N'Brazil')
INSERT [dbo].[Customer] ([CustomerID], [CustomerName], [ContactName], [Address], [City], [PostalCode], [Country]) VALUES (32, N'Great Lakes Food Market', N'Howard Snyder', N'2732 Baker Blvd.', N'Eugene', 97403, N'USA')
INSERT [dbo].[Customer] ([CustomerID], [CustomerName], [ContactName], [Address], [City], [PostalCode], [Country]) VALUES (33, N'GROSELLA-Restaurante', N'Manuel Pereira', N'5ª Ave. Los Palos Grandes', N'Caracas', 1081, N'Venezuela')
INSERT [dbo].[Customer] ([CustomerID], [CustomerName], [ContactName], [Address], [City], [PostalCode], [Country]) VALUES (34, N'Hanari Carnes', N'Mario Pontes', N'Rua do Paço, 67', N'Rio de Janeiro', NULL, N'Brazil')
INSERT [dbo].[Customer] ([CustomerID], [CustomerName], [ContactName], [Address], [City], [PostalCode], [Country]) VALUES (35, N'HILARIÓN-Abastos', N'Carlos Hernández', N'Carrera 22 con Ave. Carlos Soublette #8-35', N'San Cristóbal', 5022, N'Venezuela')
INSERT [dbo].[Customer] ([CustomerID], [CustomerName], [ContactName], [Address], [City], [PostalCode], [Country]) VALUES (36, N'Hungry Coyote Import Store', N'Yoshi Latimer', N'City Center Plaza 516 Main St.', N'Elgin', 97827, N'USA')
INSERT [dbo].[Customer] ([CustomerID], [CustomerName], [ContactName], [Address], [City], [PostalCode], [Country]) VALUES (37, N'Hungry Owl All-Night Grocers', N'Patricia McKenna', N'8 Johnstown Road', N'Cork', NULL, N'Ireland')
INSERT [dbo].[Customer] ([CustomerID], [CustomerName], [ContactName], [Address], [City], [PostalCode], [Country]) VALUES (38, N'Island Trading', N'Helen Bennett', N'Garden House Crowther Way', N'Cowes', NULL, N'UK')
INSERT [dbo].[Customer] ([CustomerID], [CustomerName], [ContactName], [Address], [City], [PostalCode], [Country]) VALUES (39, N'Königlich Essen', N'Philip Cramer', N'Maubelstr. 90', N'Brandenburg', 14776, N'Germany')
INSERT [dbo].[Customer] ([CustomerID], [CustomerName], [ContactName], [Address], [City], [PostalCode], [Country]) VALUES (40, N'La corne d"abondance', N'Daniel Tonini', N'67, avenue de l"Europe', N'Versailles', 78000, N'France')
INSERT [dbo].[Customer] ([CustomerID], [CustomerName], [ContactName], [Address], [City], [PostalCode], [Country]) VALUES (41, N'La maison d"Asie', N'Annette Roulet', N'1 rue Alsace-Lorraine', N'Toulouse', 31000, N'France')
INSERT [dbo].[Customer] ([CustomerID], [CustomerName], [ContactName], [Address], [City], [PostalCode], [Country]) VALUES (42, N'Laughing Bacchus Wine Cellars', N'Yoshi Tannamuri', N'1900 Oak St.', N'Vancouver', NULL, N'Canada')
INSERT [dbo].[Customer] ([CustomerID], [CustomerName], [ContactName], [Address], [City], [PostalCode], [Country]) VALUES (43, N'Lazy K Kountry Store', N'John Steel', N'12 Orchestra Terrace', N'Walla Walla', 99362, N'USA')
INSERT [dbo].[Customer] ([CustomerID], [CustomerName], [ContactName], [Address], [City], [PostalCode], [Country]) VALUES (44, N'Lehmanns Marktstand', N'Renate Messner', N'Magazinweg 7', N'Frankfurt a.M.', 60528, N'Germany')
INSERT [dbo].[Customer] ([CustomerID], [CustomerName], [ContactName], [Address], [City], [PostalCode], [Country]) VALUES (45, N'Let"s Stop N Shop', N'Jaime Yorres', N'87 Polk St. Suite 5', N'San Francisco', 94117, N'USA')
INSERT [dbo].[Customer] ([CustomerID], [CustomerName], [ContactName], [Address], [City], [PostalCode], [Country]) VALUES (46, N'LILA-Supermercado', N'Carlos González', N'Carrera 52 con Ave. Bolívar #65-98 Llano Largo', N'Barquisimeto', 3508, N'Venezuela')
INSERT [dbo].[Customer] ([CustomerID], [CustomerName], [ContactName], [Address], [City], [PostalCode], [Country]) VALUES (47, N'LINO-Delicateses', N'Felipe Izquierdo', N'Ave. 5 de Mayo Porlamar', N'I. de Margarita', 4980, N'Venezuela')
INSERT [dbo].[Customer] ([CustomerID], [CustomerName], [ContactName], [Address], [City], [PostalCode], [Country]) VALUES (48, N'Lonesome Pine Restaurant', N'Fran Wilson', N'89 Chiaroscuro Rd.', N'Portland', 97219, N'USA')
INSERT [dbo].[Customer] ([CustomerID], [CustomerName], [ContactName], [Address], [City], [PostalCode], [Country]) VALUES (49, N'Magazzini Alimentari Riuniti', N'Giovanni Rovelli', N'Via Ludovico il Moro 22', N'Bergamo', 24100, N'Italy')
INSERT [dbo].[Customer] ([CustomerID], [CustomerName], [ContactName], [Address], [City], [PostalCode], [Country]) VALUES (50, N'Maison Dewey', N'Catherine Dewey', N'Rue Joseph-Bens 532', N'Bruxelles', NULL, N'Belgium')
INSERT [dbo].[Customer] ([CustomerID], [CustomerName], [ContactName], [Address], [City], [PostalCode], [Country]) VALUES (51, N'Mère Paillarde', N'Jean Fresnière', N'43 rue St. Laurent', N'Montréal', NULL, N'Canada')
INSERT [dbo].[Customer] ([CustomerID], [CustomerName], [ContactName], [Address], [City], [PostalCode], [Country]) VALUES (52, N'Morgenstern Gesundkost', N'Alexander Feuer', N'Heerstr. 22', N'Leipzig', 4179, N'Germany')
INSERT [dbo].[Customer] ([CustomerID], [CustomerName], [ContactName], [Address], [City], [PostalCode], [Country]) VALUES (53, N'North/South', N'Simon Crowther', N'South House 300 Queensbridge', N'London', NULL, N'UK')
INSERT [dbo].[Customer] ([CustomerID], [CustomerName], [ContactName], [Address], [City], [PostalCode], [Country]) VALUES (54, N'Océano Atlántico Ltda.', N'Yvonne Moncada', N'Ing. Gustavo Moncada 8585 Piso 20-A', N'Buenos Aires', 1010, N'Argentina')
INSERT [dbo].[Customer] ([CustomerID], [CustomerName], [ContactName], [Address], [City], [PostalCode], [Country]) VALUES (55, N'Old World Delicatessen', N'Rene Phillips', N'2743 Bering St.', N'Anchorage', 99508, N'USA')
INSERT [dbo].[Customer] ([CustomerID], [CustomerName], [ContactName], [Address], [City], [PostalCode], [Country]) VALUES (56, N'Ottilies Käseladen', N'Henriette Pfalzheim', N'Mehrheimerstr. 369', N'Köln', 50739, N'Germany')
INSERT [dbo].[Customer] ([CustomerID], [CustomerName], [ContactName], [Address], [City], [PostalCode], [Country]) VALUES (57, N'Paris spécialités', N'Marie Bertrand', N'265, boulevard Charonne', N'Paris', 75012, N'France')
INSERT [dbo].[Customer] ([CustomerID], [CustomerName], [ContactName], [Address], [City], [PostalCode], [Country]) VALUES (58, N'Pericles Comidas clásicas', N'Guillermo Fernández', N'Calle Dr. Jorge Cash 321', N'México D.F.', 5033, N'Mexico')
INSERT [dbo].[Customer] ([CustomerID], [CustomerName], [ContactName], [Address], [City], [PostalCode], [Country]) VALUES (59, N'Piccolo und mehr', N'Georg Pipps', N'Geislweg 14', N'Salzburg', 5020, N'Austria')
INSERT [dbo].[Customer] ([CustomerID], [CustomerName], [ContactName], [Address], [City], [PostalCode], [Country]) VALUES (60, N'Princesa Isabel Vinhoss', N'Isabel de Castro', N'Estrada da saúde n. 58', N'Lisboa', 1756, N'Portugal')
INSERT [dbo].[Customer] ([CustomerID], [CustomerName], [ContactName], [Address], [City], [PostalCode], [Country]) VALUES (61, N'Que Delícia', N'Bernardo Batista', N'Rua da Panificadora, 12', N'Rio de Janeiro', NULL, N'Brazil')
INSERT [dbo].[Customer] ([CustomerID], [CustomerName], [ContactName], [Address], [City], [PostalCode], [Country]) VALUES (62, N'Queen Cozinha', N'Lúcia Carvalho', N'Alameda dos Canàrios, 891', N'São Paulo', NULL, N'Brazil')
INSERT [dbo].[Customer] ([CustomerID], [CustomerName], [ContactName], [Address], [City], [PostalCode], [Country]) VALUES (63, N'QUICK-Stop', N'Horst Kloss', N'Taucherstraße 10', N'Cunewalde', 1307, N'Germany')
INSERT [dbo].[Customer] ([CustomerID], [CustomerName], [ContactName], [Address], [City], [PostalCode], [Country]) VALUES (64, N'Rancho grande', N'Sergio Gutiérrez', N'Av. del Libertador 900', N'Buenos Aires', 1010, N'Argentina')
INSERT [dbo].[Customer] ([CustomerID], [CustomerName], [ContactName], [Address], [City], [PostalCode], [Country]) VALUES (65, N'Rattlesnake Canyon Grocery', N'Paula Wilson', N'2817 Milton Dr.', N'Albuquerque', 87110, N'USA')
INSERT [dbo].[Customer] ([CustomerID], [CustomerName], [ContactName], [Address], [City], [PostalCode], [Country]) VALUES (66, N'Reggiani Caseifici', N'Maurizio Moroni', N'Strada Provinciale 124', N'Reggio Emilia', 42100, N'Italy')
INSERT [dbo].[Customer] ([CustomerID], [CustomerName], [ContactName], [Address], [City], [PostalCode], [Country]) VALUES (67, N'Ricardo Adocicados', N'Janete Limeira', N'Av. Copacabana, 267', N'Rio de Janeiro', NULL, N'Brazil')
INSERT [dbo].[Customer] ([CustomerID], [CustomerName], [ContactName], [Address], [City], [PostalCode], [Country]) VALUES (68, N'Richter Supermarkt', N'Michael Holz', N'Grenzacherweg 237', N'Genève', 1203, N'Switzerland')
INSERT [dbo].[Customer] ([CustomerID], [CustomerName], [ContactName], [Address], [City], [PostalCode], [Country]) VALUES (69, N'Romero y tomillo', N'Alejandra Camino', N'Gran Vía, 1', N'Madrid', 28001, N'Spain')
INSERT [dbo].[Customer] ([CustomerID], [CustomerName], [ContactName], [Address], [City], [PostalCode], [Country]) VALUES (70, N'Santé Gourmet', N'Jonas Bergulfsen', N'Erling Skakkes gate 78', N'Stavern', 4110, N'Norway')
INSERT [dbo].[Customer] ([CustomerID], [CustomerName], [ContactName], [Address], [City], [PostalCode], [Country]) VALUES (71, N'Save-a-lot Markets', N'Jose Pavarotti', N'187 Suffolk Ln.', N'Boise', 83720, N'USA')
INSERT [dbo].[Customer] ([CustomerID], [CustomerName], [ContactName], [Address], [City], [PostalCode], [Country]) VALUES (72, N'Seven Seas Imports', N'Hari Kumar', N'90 Wadhurst Rd.', N'London', NULL, N'UK')
INSERT [dbo].[Customer] ([CustomerID], [CustomerName], [ContactName], [Address], [City], [PostalCode], [Country]) VALUES (73, N'Simons bistro', N'Jytte Petersen', N'Vinbæltet 34', N'København', 1734, N'Denmark')
INSERT [dbo].[Customer] ([CustomerID], [CustomerName], [ContactName], [Address], [City], [PostalCode], [Country]) VALUES (74, N'Spécialités du monde', N'Dominique Perrier', N'25, rue Lauriston', N'Paris', 75016, N'France')
INSERT [dbo].[Customer] ([CustomerID], [CustomerName], [ContactName], [Address], [City], [PostalCode], [Country]) VALUES (75, N'Split Rail Beer & Ale', N'Art Braunschweiger', N'P.O. Box 555', N'Lander', 82520, N'USA')
INSERT [dbo].[Customer] ([CustomerID], [CustomerName], [ContactName], [Address], [City], [PostalCode], [Country]) VALUES (76, N'Suprêmes délices', N'Pascale Cartrain', N'Boulevard Tirou, 255', N'Charleroi', NULL, N'Belgium')
INSERT [dbo].[Customer] ([CustomerID], [CustomerName], [ContactName], [Address], [City], [PostalCode], [Country]) VALUES (77, N'The Big Cheese', N'Liz Nixon', N'89 Jefferson Way Suite 2', N'Portland', 97201, N'USA')
INSERT [dbo].[Customer] ([CustomerID], [CustomerName], [ContactName], [Address], [City], [PostalCode], [Country]) VALUES (78, N'The Cracker Box', N'Liu Wong', N'55 Grizzly Peak Rd.', N'Butte', 59801, N'USA')
INSERT [dbo].[Customer] ([CustomerID], [CustomerName], [ContactName], [Address], [City], [PostalCode], [Country]) VALUES (79, N'Toms Spezialitäten', N'Karin Josephs', N'Luisenstr. 48', N'Münster', 44087, N'Germany')
INSERT [dbo].[Customer] ([CustomerID], [CustomerName], [ContactName], [Address], [City], [PostalCode], [Country]) VALUES (80, N'Tortuga Restaurante', N'Miguel Angel Paolino', N'Avda. Azteca 123', N'México D.F.', 5033, N'Mexico')
INSERT [dbo].[Customer] ([CustomerID], [CustomerName], [ContactName], [Address], [City], [PostalCode], [Country]) VALUES (81, N'Tradição Hipermercados', N'Anabela Domingues', N'Av. Inês de Castro, 414', N'São Paulo', NULL, N'Brazil')
INSERT [dbo].[Customer] ([CustomerID], [CustomerName], [ContactName], [Address], [City], [PostalCode], [Country]) VALUES (82, N'Trail"s Head Gourmet Provisioners', N'Helvetius Nagy', N'722 DaVinci Blvd.', N'Kirkland', 98034, N'USA')
INSERT [dbo].[Customer] ([CustomerID], [CustomerName], [ContactName], [Address], [City], [PostalCode], [Country]) VALUES (83, N'Vaffeljernet', N'Palle Ibsen', N'Smagsløget 45', N'Århus', 8200, N'Denmark')
INSERT [dbo].[Customer] ([CustomerID], [CustomerName], [ContactName], [Address], [City], [PostalCode], [Country]) VALUES (84, N'Victuailles en stock', N'Mary Saveley', N'2, rue du Commerce', N'Lyon', 69004, N'France')
INSERT [dbo].[Customer] ([CustomerID], [CustomerName], [ContactName], [Address], [City], [PostalCode], [Country]) VALUES (85, N'Vins et alcools Chevalier', N'Paul Henriot', N'59 rue de l"Abbaye', N'Reims', 51100, N'France')
INSERT [dbo].[Customer] ([CustomerID], [CustomerName], [ContactName], [Address], [City], [PostalCode], [Country]) VALUES (86, N'Die Wandernde Kuh', N'Rita Müller', N'Adenauerallee 900', N'Stuttgart', 70563, N'Germany')
INSERT [dbo].[Customer] ([CustomerID], [CustomerName], [ContactName], [Address], [City], [PostalCode], [Country]) VALUES (87, N'Wartian Herkku', N'Pirkko Koskitalo', N'Torikatu 38', N'Oulu', 90110, N'Finland')
INSERT [dbo].[Customer] ([CustomerID], [CustomerName], [ContactName], [Address], [City], [PostalCode], [Country]) VALUES (88, N'Wellington Importadora', N'Paula Parente', N'Rua do Mercado, 12', N'Resende', NULL, N'Brazil')
INSERT [dbo].[Customer] ([CustomerID], [CustomerName], [ContactName], [Address], [City], [PostalCode], [Country]) VALUES (89, N'White Clover Markets', N'Karl Jablonski', N'305 - 14th Ave. S. Suite 3B', N'Seattle', 98128, N'USA')
INSERT [dbo].[Customer] ([CustomerID], [CustomerName], [ContactName], [Address], [City], [PostalCode], [Country]) VALUES (90, N'Wilman Kala', N'Matti Karttunen', N'Keskuskatu 45', N'Helsinki', 21240, N'Finland')
INSERT [dbo].[Customer] ([CustomerID], [CustomerName], [ContactName], [Address], [City], [PostalCode], [Country]) VALUES (91, N'Wolski', N'Zbyszek', N'ul. Filtrowa 68', N'Walla', NULL, N'Poland')

INSERT [dbo].[Employees] ([EmployeeID], [LastName], [FirstName], [BirthDate], [Photo], [Notes]) VALUES (1, N'Davolio', N'Nancy', CAST(N'1968-12-08 00:00:00.000' AS DateTime), N'EmpID1.pic', N'Education includes a BA in psychology from Colorado State University. She also completed (The Art of the Cold Call). Nancy is a member of ''Toastmasters International''.')
INSERT [dbo].[Employees] ([EmployeeID], [LastName], [FirstName], [BirthDate], [Photo], [Notes]) VALUES (2, N'Fuller', N'Andrew', CAST(N'1952-02-19 00:00:00.000' AS DateTime), N'EmpID2.pic', N'Andrew received his BTS commercial and a Ph.D. in international marketing from the University of Dallas. He is fluent in French and Italian and reads German. He joined the company as a sales representative, was promoted to sales manager and was then named vice president of sales. Andrew is a member of the Sales Management Roundtable, the Seattle Chamber of Commerce, and the Pacific Rim Importers Association.')
INSERT [dbo].[Employees] ([EmployeeID], [LastName], [FirstName], [BirthDate], [Photo], [Notes]) VALUES (3, N'Leverling', N'Janet', CAST(N'1963-08-30 00:00:00.000' AS DateTime), N'EmpID3.pic', N'Janet has a BS degree in chemistry from Boston College). She has also completed a certificate program in food retailing management. Janet was hired as a sales associate and was promoted to sales representative.')
INSERT [dbo].[Employees] ([EmployeeID], [LastName], [FirstName], [BirthDate], [Photo], [Notes]) VALUES (4, N'Peacock', N'Margaret', CAST(N'1958-09-19 00:00:00.000' AS DateTime), N'EmpID4.pic', N'Margaret holds a BA in English literature from Concordia College and an MA from the American Institute of Culinary Arts. She was temporarily assigned to the London office before returning to her permanent post in Seattle.')
INSERT [dbo].[Employees] ([EmployeeID], [LastName], [FirstName], [BirthDate], [Photo], [Notes]) VALUES (5, N'Buchanan', N'Steven', CAST(N'1955-03-04 00:00:00.000' AS DateTime), N'EmpID5.pic', N'Steven Buchanan graduated from St. Andrews University, Scotland, with a BSC degree. Upon joining the company as a sales representative, he spent 6 months in an orientation program at the Seattle office and then returned to his permanent post in London, where he was promoted to sales manager. Mr. Buchanan has completed the courses ''Successful Telemarketing'' and ''International Sales Management''. He is fluent in French.')
INSERT [dbo].[Employees] ([EmployeeID], [LastName], [FirstName], [BirthDate], [Photo], [Notes]) VALUES (6, N'Suyama', N'Michael', CAST(N'1963-07-02 00:00:00.000' AS DateTime), N'EmpID6.pic', N'Michael is a graduate of Sussex University (MA, economics) and the University of California at Los Angeles (MBA, marketing). He has also taken the courses ''Multi-Cultural Selling'' and ''Time Management for the Sales Professional''. He is fluent in Japanese and can read and write French, Portuguese, and Spanish.')
INSERT [dbo].[Employees] ([EmployeeID], [LastName], [FirstName], [BirthDate], [Photo], [Notes]) VALUES (7, N'King', N'Robert', CAST(N'1960-05-29 00:00:00.000' AS DateTime), N'EmpID7.pic', N'Robert King served in the Peace Corps and traveled extensively before completing his degree in English at the University of Michigan and then joining the company. After completing a course entitled ''Selling in Europe'', he was transferred to the London office.')
INSERT [dbo].[Employees] ([EmployeeID], [LastName], [FirstName], [BirthDate], [Photo], [Notes]) VALUES (8, N'Callahan', N'Laura', CAST(N'1958-01-09 00:00:00.000' AS DateTime), N'EmpID8.pic', N'Laura received a BA in psychology from the University of Washington. She has also completed a course in business French. She reads and writes French.')
INSERT [dbo].[Employees] ([EmployeeID], [LastName], [FirstName], [BirthDate], [Photo], [Notes]) VALUES (9, N'Dodsworth', N'Anne', CAST(N'1969-07-02 00:00:00.000' AS DateTime), N'EmpID9.pic', N'Anne has a BA degree in English from St. Lawrence College. She is fluent in French and German.')
INSERT [dbo].[Employees] ([EmployeeID], [LastName], [FirstName], [BirthDate], [Photo], [Notes]) VALUES (10, N'West', N'Adam', CAST(N'1928-09-19 00:00:00.000' AS DateTime), N'EmpID10.pic', N'An old chum.')
----------------------------------------------------------------
INSERT [dbo].[Shippers] ([ShipperID], [ShipperName], [Phone]) VALUES (1, N'Speedy Express', N'(503) 555-9831')
INSERT [dbo].[Shippers] ([ShipperID], [ShipperName], [Phone]) VALUES (2, N'United Package', N'(503) 555-3199')
INSERT [dbo].[Shippers] ([ShipperID], [ShipperName], [Phone]) VALUES (3, N'Federal Shipping', N'(503) 555-9931')
----------------------------------------------------------------

INSERT [dbo].[Orders] ([OrderID], [CustomerID], [EmployeeID], [OrderDate], [ShipperID]) VALUES (10248, 90, 5, CAST(N'1996-07-04 00:00:00.000' AS DateTime), 3)
INSERT [dbo].[Orders] ([OrderID], [CustomerID], [EmployeeID], [OrderDate], [ShipperID]) VALUES (10249, 81, 6, CAST(N'1996-07-05 00:00:00.000' AS DateTime), 1)
INSERT [dbo].[Orders] ([OrderID], [CustomerID], [EmployeeID], [OrderDate], [ShipperID]) VALUES (10250, 34, 4, CAST(N'1996-07-08 00:00:00.000' AS DateTime), 2)
INSERT [dbo].[Orders] ([OrderID], [CustomerID], [EmployeeID], [OrderDate], [ShipperID]) VALUES (10251, 84, 3, CAST(N'1996-07-08 00:00:00.000' AS DateTime), 1)
INSERT [dbo].[Orders] ([OrderID], [CustomerID], [EmployeeID], [OrderDate], [ShipperID]) VALUES (10252, 76, 4, CAST(N'1996-07-09 00:00:00.000' AS DateTime), 2)
INSERT [dbo].[Orders] ([OrderID], [CustomerID], [EmployeeID], [OrderDate], [ShipperID]) VALUES (10253, 34, 3, CAST(N'1996-07-10 00:00:00.000' AS DateTime), 2)
INSERT [dbo].[Orders] ([OrderID], [CustomerID], [EmployeeID], [OrderDate], [ShipperID]) VALUES (10254, 14, 5, CAST(N'1996-07-11 00:00:00.000' AS DateTime), 2)
INSERT [dbo].[Orders] ([OrderID], [CustomerID], [EmployeeID], [OrderDate], [ShipperID]) VALUES (10255, 68, 9, CAST(N'1996-07-12 00:00:00.000' AS DateTime), 3)
INSERT [dbo].[Orders] ([OrderID], [CustomerID], [EmployeeID], [OrderDate], [ShipperID]) VALUES (10256, 88, 3, CAST(N'1996-07-15 00:00:00.000' AS DateTime), 2)
INSERT [dbo].[Orders] ([OrderID], [CustomerID], [EmployeeID], [OrderDate], [ShipperID]) VALUES (10257, 35, 4, CAST(N'1996-07-16 00:00:00.000' AS DateTime), 3)
INSERT [dbo].[Orders] ([OrderID], [CustomerID], [EmployeeID], [OrderDate], [ShipperID]) VALUES (10258, 20, 1, CAST(N'1996-07-17 00:00:00.000' AS DateTime), 1)
INSERT [dbo].[Orders] ([OrderID], [CustomerID], [EmployeeID], [OrderDate], [ShipperID]) VALUES (10259, 13, 4, CAST(N'1996-07-18 00:00:00.000' AS DateTime), 3)
INSERT [dbo].[Orders] ([OrderID], [CustomerID], [EmployeeID], [OrderDate], [ShipperID]) VALUES (10260, 55, 4, CAST(N'1996-07-19 00:00:00.000' AS DateTime), 1)
INSERT [dbo].[Orders] ([OrderID], [CustomerID], [EmployeeID], [OrderDate], [ShipperID]) VALUES (10261, 61, 4, CAST(N'1996-07-19 00:00:00.000' AS DateTime), 2)
INSERT [dbo].[Orders] ([OrderID], [CustomerID], [EmployeeID], [OrderDate], [ShipperID]) VALUES (10262, 65, 8, CAST(N'1996-07-22 00:00:00.000' AS DateTime), 3)
INSERT [dbo].[Orders] ([OrderID], [CustomerID], [EmployeeID], [OrderDate], [ShipperID]) VALUES (10263, 20, 9, CAST(N'1996-07-23 00:00:00.000' AS DateTime), 3)
INSERT [dbo].[Orders] ([OrderID], [CustomerID], [EmployeeID], [OrderDate], [ShipperID]) VALUES (10264, 24, 6, CAST(N'1996-07-24 00:00:00.000' AS DateTime), 3)
INSERT [dbo].[Orders] ([OrderID], [CustomerID], [EmployeeID], [OrderDate], [ShipperID]) VALUES (10265, 7, 2, CAST(N'1996-07-25 00:00:00.000' AS DateTime), 1)
INSERT [dbo].[Orders] ([OrderID], [CustomerID], [EmployeeID], [OrderDate], [ShipperID]) VALUES (10266, 87, 3, CAST(N'1996-07-26 00:00:00.000' AS DateTime), 3)
INSERT [dbo].[Orders] ([OrderID], [CustomerID], [EmployeeID], [OrderDate], [ShipperID]) VALUES (10267, 25, 4, CAST(N'1996-07-29 00:00:00.000' AS DateTime), 1)
INSERT [dbo].[Orders] ([OrderID], [CustomerID], [EmployeeID], [OrderDate], [ShipperID]) VALUES (10268, 33, 8, CAST(N'1996-07-30 00:00:00.000' AS DateTime), 3)
INSERT [dbo].[Orders] ([OrderID], [CustomerID], [EmployeeID], [OrderDate], [ShipperID]) VALUES (10269, 89, 5, CAST(N'1996-07-31 00:00:00.000' AS DateTime), 1)
INSERT [dbo].[Orders] ([OrderID], [CustomerID], [EmployeeID], [OrderDate], [ShipperID]) VALUES (10270, 87, 1, CAST(N'1996-08-01 00:00:00.000' AS DateTime), 1)
INSERT [dbo].[Orders] ([OrderID], [CustomerID], [EmployeeID], [OrderDate], [ShipperID]) VALUES (10271, 75, 6, CAST(N'1996-08-01 00:00:00.000' AS DateTime), 2)
INSERT [dbo].[Orders] ([OrderID], [CustomerID], [EmployeeID], [OrderDate], [ShipperID]) VALUES (10272, 65, 6, CAST(N'1996-08-02 00:00:00.000' AS DateTime), 2)
INSERT [dbo].[Orders] ([OrderID], [CustomerID], [EmployeeID], [OrderDate], [ShipperID]) VALUES (10273, 63, 3, CAST(N'1996-08-05 00:00:00.000' AS DateTime), 3)
INSERT [dbo].[Orders] ([OrderID], [CustomerID], [EmployeeID], [OrderDate], [ShipperID]) VALUES (10274, 85, 6, CAST(N'1996-08-06 00:00:00.000' AS DateTime), 1)
INSERT [dbo].[Orders] ([OrderID], [CustomerID], [EmployeeID], [OrderDate], [ShipperID]) VALUES (10275, 49, 1, CAST(N'1996-08-07 00:00:00.000' AS DateTime), 1)
INSERT [dbo].[Orders] ([OrderID], [CustomerID], [EmployeeID], [OrderDate], [ShipperID]) VALUES (10276, 80, 8, CAST(N'1996-08-08 00:00:00.000' AS DateTime), 3)
INSERT [dbo].[Orders] ([OrderID], [CustomerID], [EmployeeID], [OrderDate], [ShipperID]) VALUES (10277, 52, 2, CAST(N'1996-08-09 00:00:00.000' AS DateTime), 3)
INSERT [dbo].[Orders] ([OrderID], [CustomerID], [EmployeeID], [OrderDate], [ShipperID]) VALUES (10278, 5, 8, CAST(N'1996-08-12 00:00:00.000' AS DateTime), 2)
INSERT [dbo].[Orders] ([OrderID], [CustomerID], [EmployeeID], [OrderDate], [ShipperID]) VALUES (10279, 44, 8, CAST(N'1996-08-13 00:00:00.000' AS DateTime), 2)
INSERT [dbo].[Orders] ([OrderID], [CustomerID], [EmployeeID], [OrderDate], [ShipperID]) VALUES (10280, 5, 2, CAST(N'1996-08-14 00:00:00.000' AS DateTime), 1)
INSERT [dbo].[Orders] ([OrderID], [CustomerID], [EmployeeID], [OrderDate], [ShipperID]) VALUES (10281, 69, 4, CAST(N'1996-08-14 00:00:00.000' AS DateTime), 1)
INSERT [dbo].[Orders] ([OrderID], [CustomerID], [EmployeeID], [OrderDate], [ShipperID]) VALUES (10282, 69, 4, CAST(N'1996-08-15 00:00:00.000' AS DateTime), 1)
INSERT [dbo].[Orders] ([OrderID], [CustomerID], [EmployeeID], [OrderDate], [ShipperID]) VALUES (10283, 46, 3, CAST(N'1996-08-16 00:00:00.000' AS DateTime), 3)
INSERT [dbo].[Orders] ([OrderID], [CustomerID], [EmployeeID], [OrderDate], [ShipperID]) VALUES (10284, 44, 4, CAST(N'1996-08-19 00:00:00.000' AS DateTime), 1)
INSERT [dbo].[Orders] ([OrderID], [CustomerID], [EmployeeID], [OrderDate], [ShipperID]) VALUES (10285, 63, 1, CAST(N'1996-08-20 00:00:00.000' AS DateTime), 2)
INSERT [dbo].[Orders] ([OrderID], [CustomerID], [EmployeeID], [OrderDate], [ShipperID]) VALUES (10286, 63, 8, CAST(N'1996-08-21 00:00:00.000' AS DateTime), 3)
INSERT [dbo].[Orders] ([OrderID], [CustomerID], [EmployeeID], [OrderDate], [ShipperID]) VALUES (10287, 67, 8, CAST(N'1996-08-22 00:00:00.000' AS DateTime), 3)
INSERT [dbo].[Orders] ([OrderID], [CustomerID], [EmployeeID], [OrderDate], [ShipperID]) VALUES (10288, 66, 4, CAST(N'1996-08-23 00:00:00.000' AS DateTime), 1)
INSERT [dbo].[Orders] ([OrderID], [CustomerID], [EmployeeID], [OrderDate], [ShipperID]) VALUES (10289, 11, 7, CAST(N'1996-08-26 00:00:00.000' AS DateTime), 3)
INSERT [dbo].[Orders] ([OrderID], [CustomerID], [EmployeeID], [OrderDate], [ShipperID]) VALUES (10290, 15, 8, CAST(N'1996-08-27 00:00:00.000' AS DateTime), 1)
INSERT [dbo].[Orders] ([OrderID], [CustomerID], [EmployeeID], [OrderDate], [ShipperID]) VALUES (10291, 61, 6, CAST(N'1996-08-27 00:00:00.000' AS DateTime), 2)
INSERT [dbo].[Orders] ([OrderID], [CustomerID], [EmployeeID], [OrderDate], [ShipperID]) VALUES (10292, 81, 1, CAST(N'1996-08-28 00:00:00.000' AS DateTime), 2)
INSERT [dbo].[Orders] ([OrderID], [CustomerID], [EmployeeID], [OrderDate], [ShipperID]) VALUES (10293, 80, 1, CAST(N'1996-08-29 00:00:00.000' AS DateTime), 3)
INSERT [dbo].[Orders] ([OrderID], [CustomerID], [EmployeeID], [OrderDate], [ShipperID]) VALUES (10294, 65, 4, CAST(N'1996-08-30 00:00:00.000' AS DateTime), 2)
INSERT [dbo].[Orders] ([OrderID], [CustomerID], [EmployeeID], [OrderDate], [ShipperID]) VALUES (10295, 85, 2, CAST(N'1996-09-02 00:00:00.000' AS DateTime), 2)
INSERT [dbo].[Orders] ([OrderID], [CustomerID], [EmployeeID], [OrderDate], [ShipperID]) VALUES (10296, 46, 6, CAST(N'1996-09-03 00:00:00.000' AS DateTime), 1)
INSERT [dbo].[Orders] ([OrderID], [CustomerID], [EmployeeID], [OrderDate], [ShipperID]) VALUES (10297, 7, 5, CAST(N'1996-09-04 00:00:00.000' AS DateTime), 2)
INSERT [dbo].[Orders] ([OrderID], [CustomerID], [EmployeeID], [OrderDate], [ShipperID]) VALUES (10298, 37, 6, CAST(N'1996-09-05 00:00:00.000' AS DateTime), 2)
INSERT [dbo].[Orders] ([OrderID], [CustomerID], [EmployeeID], [OrderDate], [ShipperID]) VALUES (10299, 67, 4, CAST(N'1996-09-06 00:00:00.000' AS DateTime), 2)
INSERT [dbo].[Orders] ([OrderID], [CustomerID], [EmployeeID], [OrderDate], [ShipperID]) VALUES (10300, 49, 2, CAST(N'1996-09-09 00:00:00.000' AS DateTime), 2)
INSERT [dbo].[Orders] ([OrderID], [CustomerID], [EmployeeID], [OrderDate], [ShipperID]) VALUES (10301, 86, 8, CAST(N'1996-09-09 00:00:00.000' AS DateTime), 2)
INSERT [dbo].[Orders] ([OrderID], [CustomerID], [EmployeeID], [OrderDate], [ShipperID]) VALUES (10302, 76, 4, CAST(N'1996-09-10 00:00:00.000' AS DateTime), 2)
INSERT [dbo].[Orders] ([OrderID], [CustomerID], [EmployeeID], [OrderDate], [ShipperID]) VALUES (10303, 30, 7, CAST(N'1996-09-11 00:00:00.000' AS DateTime), 2)
INSERT [dbo].[Orders] ([OrderID], [CustomerID], [EmployeeID], [OrderDate], [ShipperID]) VALUES (10304, 80, 1, CAST(N'1996-09-12 00:00:00.000' AS DateTime), 2)
INSERT [dbo].[Orders] ([OrderID], [CustomerID], [EmployeeID], [OrderDate], [ShipperID]) VALUES (10305, 55, 8, CAST(N'1996-09-13 00:00:00.000' AS DateTime), 3)
INSERT [dbo].[Orders] ([OrderID], [CustomerID], [EmployeeID], [OrderDate], [ShipperID]) VALUES (10306, 69, 1, CAST(N'1996-09-16 00:00:00.000' AS DateTime), 3)
INSERT [dbo].[Orders] ([OrderID], [CustomerID], [EmployeeID], [OrderDate], [ShipperID]) VALUES (10307, 48, 2, CAST(N'1996-09-17 00:00:00.000' AS DateTime), 2)
INSERT [dbo].[Orders] ([OrderID], [CustomerID], [EmployeeID], [OrderDate], [ShipperID]) VALUES (10308, 2, 7, CAST(N'1996-09-18 00:00:00.000' AS DateTime), 3)
INSERT [dbo].[Orders] ([OrderID], [CustomerID], [EmployeeID], [OrderDate], [ShipperID]) VALUES (10309, 37, 3, CAST(N'1996-09-19 00:00:00.000' AS DateTime), 1)
INSERT [dbo].[Orders] ([OrderID], [CustomerID], [EmployeeID], [OrderDate], [ShipperID]) VALUES (10310, 77, 8, CAST(N'1996-09-20 00:00:00.000' AS DateTime), 2)
INSERT [dbo].[Orders] ([OrderID], [CustomerID], [EmployeeID], [OrderDate], [ShipperID]) VALUES (10311, 18, 1, CAST(N'1996-09-20 00:00:00.000' AS DateTime), 3)
INSERT [dbo].[Orders] ([OrderID], [CustomerID], [EmployeeID], [OrderDate], [ShipperID]) VALUES (10312, 86, 2, CAST(N'1996-09-23 00:00:00.000' AS DateTime), 2)
INSERT [dbo].[Orders] ([OrderID], [CustomerID], [EmployeeID], [OrderDate], [ShipperID]) VALUES (10313, 63, 2, CAST(N'1996-09-24 00:00:00.000' AS DateTime), 2)
INSERT [dbo].[Orders] ([OrderID], [CustomerID], [EmployeeID], [OrderDate], [ShipperID]) VALUES (10314, 65, 1, CAST(N'1996-09-25 00:00:00.000' AS DateTime), 2)
INSERT [dbo].[Orders] ([OrderID], [CustomerID], [EmployeeID], [OrderDate], [ShipperID]) VALUES (10315, 38, 4, CAST(N'1996-09-26 00:00:00.000' AS DateTime), 2)
INSERT [dbo].[Orders] ([OrderID], [CustomerID], [EmployeeID], [OrderDate], [ShipperID]) VALUES (10316, 65, 1, CAST(N'1996-09-27 00:00:00.000' AS DateTime), 3)
INSERT [dbo].[Orders] ([OrderID], [CustomerID], [EmployeeID], [OrderDate], [ShipperID]) VALUES (10317, 48, 6, CAST(N'1996-09-30 00:00:00.000' AS DateTime), 1)
INSERT [dbo].[Orders] ([OrderID], [CustomerID], [EmployeeID], [OrderDate], [ShipperID]) VALUES (10318, 38, 8, CAST(N'1996-10-01 00:00:00.000' AS DateTime), 2)
INSERT [dbo].[Orders] ([OrderID], [CustomerID], [EmployeeID], [OrderDate], [ShipperID]) VALUES (10319, 80, 7, CAST(N'1996-10-02 00:00:00.000' AS DateTime), 3)
INSERT [dbo].[Orders] ([OrderID], [CustomerID], [EmployeeID], [OrderDate], [ShipperID]) VALUES (10320, 87, 5, CAST(N'1996-10-03 00:00:00.000' AS DateTime), 3)
INSERT [dbo].[Orders] ([OrderID], [CustomerID], [EmployeeID], [OrderDate], [ShipperID]) VALUES (10321, 38, 3, CAST(N'1996-10-03 00:00:00.000' AS DateTime), 2)
INSERT [dbo].[Orders] ([OrderID], [CustomerID], [EmployeeID], [OrderDate], [ShipperID]) VALUES (10322, 58, 7, CAST(N'1996-10-04 00:00:00.000' AS DateTime), 3)
INSERT [dbo].[Orders] ([OrderID], [CustomerID], [EmployeeID], [OrderDate], [ShipperID]) VALUES (10323, 39, 4, CAST(N'1996-10-07 00:00:00.000' AS DateTime), 1)
INSERT [dbo].[Orders] ([OrderID], [CustomerID], [EmployeeID], [OrderDate], [ShipperID]) VALUES (10324, 71, 9, CAST(N'1996-10-08 00:00:00.000' AS DateTime), 1)
INSERT [dbo].[Orders] ([OrderID], [CustomerID], [EmployeeID], [OrderDate], [ShipperID]) VALUES (10325, 39, 1, CAST(N'1996-10-09 00:00:00.000' AS DateTime), 3)
INSERT [dbo].[Orders] ([OrderID], [CustomerID], [EmployeeID], [OrderDate], [ShipperID]) VALUES (10326, 8, 4, CAST(N'1996-10-10 00:00:00.000' AS DateTime), 2)
INSERT [dbo].[Orders] ([OrderID], [CustomerID], [EmployeeID], [OrderDate], [ShipperID]) VALUES (10327, 24, 2, CAST(N'1996-10-11 00:00:00.000' AS DateTime), 1)
INSERT [dbo].[Orders] ([OrderID], [CustomerID], [EmployeeID], [OrderDate], [ShipperID]) VALUES (10328, 28, 4, CAST(N'1996-10-14 00:00:00.000' AS DateTime), 3)
INSERT [dbo].[Orders] ([OrderID], [CustomerID], [EmployeeID], [OrderDate], [ShipperID]) VALUES (10329, 75, 4, CAST(N'1996-10-15 00:00:00.000' AS DateTime), 2)
INSERT [dbo].[Orders] ([OrderID], [CustomerID], [EmployeeID], [OrderDate], [ShipperID]) VALUES (10330, 46, 3, CAST(N'1996-10-16 00:00:00.000' AS DateTime), 1)
INSERT [dbo].[Orders] ([OrderID], [CustomerID], [EmployeeID], [OrderDate], [ShipperID]) VALUES (10331, 9, 9, CAST(N'1996-10-16 00:00:00.000' AS DateTime), 1)
INSERT [dbo].[Orders] ([OrderID], [CustomerID], [EmployeeID], [OrderDate], [ShipperID]) VALUES (10332, 51, 3, CAST(N'1996-10-17 00:00:00.000' AS DateTime), 2)
INSERT [dbo].[Orders] ([OrderID], [CustomerID], [EmployeeID], [OrderDate], [ShipperID]) VALUES (10333, 87, 5, CAST(N'1996-10-18 00:00:00.000' AS DateTime), 3)
INSERT [dbo].[Orders] ([OrderID], [CustomerID], [EmployeeID], [OrderDate], [ShipperID]) VALUES (10334, 84, 8, CAST(N'1996-10-21 00:00:00.000' AS DateTime), 2)
INSERT [dbo].[Orders] ([OrderID], [CustomerID], [EmployeeID], [OrderDate], [ShipperID]) VALUES (10335, 37, 7, CAST(N'1996-10-22 00:00:00.000' AS DateTime), 2)
INSERT [dbo].[Orders] ([OrderID], [CustomerID], [EmployeeID], [OrderDate], [ShipperID]) VALUES (10336, 60, 7, CAST(N'1996-10-23 00:00:00.000' AS DateTime), 2)
INSERT [dbo].[Orders] ([OrderID], [CustomerID], [EmployeeID], [OrderDate], [ShipperID]) VALUES (10337, 25, 4, CAST(N'1996-10-24 00:00:00.000' AS DateTime), 3)
INSERT [dbo].[Orders] ([OrderID], [CustomerID], [EmployeeID], [OrderDate], [ShipperID]) VALUES (10338, 55, 4, CAST(N'1996-10-25 00:00:00.000' AS DateTime), 3)
INSERT [dbo].[Orders] ([OrderID], [CustomerID], [EmployeeID], [OrderDate], [ShipperID]) VALUES (10339, 51, 2, CAST(N'1996-10-28 00:00:00.000' AS DateTime), 2)
INSERT [dbo].[Orders] ([OrderID], [CustomerID], [EmployeeID], [OrderDate], [ShipperID]) VALUES (10340, 9, 1, CAST(N'1996-10-29 00:00:00.000' AS DateTime), 3)
INSERT [dbo].[Orders] ([OrderID], [CustomerID], [EmployeeID], [OrderDate], [ShipperID]) VALUES (10341, 73, 7, CAST(N'1996-10-29 00:00:00.000' AS DateTime), 3)
INSERT [dbo].[Orders] ([OrderID], [CustomerID], [EmployeeID], [OrderDate], [ShipperID]) VALUES (10342, 25, 4, CAST(N'1996-10-30 00:00:00.000' AS DateTime), 2)
INSERT [dbo].[Orders] ([OrderID], [CustomerID], [EmployeeID], [OrderDate], [ShipperID]) VALUES (10343, 44, 4, CAST(N'1996-10-31 00:00:00.000' AS DateTime), 1)
INSERT [dbo].[Orders] ([OrderID], [CustomerID], [EmployeeID], [OrderDate], [ShipperID]) VALUES (10344, 89, 4, CAST(N'1996-11-01 00:00:00.000' AS DateTime), 2)
INSERT [dbo].[Orders] ([OrderID], [CustomerID], [EmployeeID], [OrderDate], [ShipperID]) VALUES (10345, 63, 2, CAST(N'1996-11-04 00:00:00.000' AS DateTime), 2)
INSERT [dbo].[Orders] ([OrderID], [CustomerID], [EmployeeID], [OrderDate], [ShipperID]) VALUES (10346, 65, 3, CAST(N'1996-11-05 00:00:00.000' AS DateTime), 3)
INSERT [dbo].[Orders] ([OrderID], [CustomerID], [EmployeeID], [OrderDate], [ShipperID]) VALUES (10347, 21, 4, CAST(N'1996-11-06 00:00:00.000' AS DateTime), 3)
GO
INSERT [dbo].[Orders] ([OrderID], [CustomerID], [EmployeeID], [OrderDate], [ShipperID]) VALUES (10348, 86, 4, CAST(N'1996-11-07 00:00:00.000' AS DateTime), 2)
INSERT [dbo].[Orders] ([OrderID], [CustomerID], [EmployeeID], [OrderDate], [ShipperID]) VALUES (10349, 75, 7, CAST(N'1996-11-08 00:00:00.000' AS DateTime), 1)
INSERT [dbo].[Orders] ([OrderID], [CustomerID], [EmployeeID], [OrderDate], [ShipperID]) VALUES (10350, 41, 6, CAST(N'1996-11-11 00:00:00.000' AS DateTime), 2)
INSERT [dbo].[Orders] ([OrderID], [CustomerID], [EmployeeID], [OrderDate], [ShipperID]) VALUES (10351, 20, 1, CAST(N'1996-11-11 00:00:00.000' AS DateTime), 1)
INSERT [dbo].[Orders] ([OrderID], [CustomerID], [EmployeeID], [OrderDate], [ShipperID]) VALUES (10352, 28, 3, CAST(N'1996-11-12 00:00:00.000' AS DateTime), 3)
INSERT [dbo].[Orders] ([OrderID], [CustomerID], [EmployeeID], [OrderDate], [ShipperID]) VALUES (10353, 59, 7, CAST(N'1996-11-13 00:00:00.000' AS DateTime), 3)
INSERT [dbo].[Orders] ([OrderID], [CustomerID], [EmployeeID], [OrderDate], [ShipperID]) VALUES (10354, 58, 8, CAST(N'1996-11-14 00:00:00.000' AS DateTime), 3)
INSERT [dbo].[Orders] ([OrderID], [CustomerID], [EmployeeID], [OrderDate], [ShipperID]) VALUES (10355, 4, 6, CAST(N'1996-11-15 00:00:00.000' AS DateTime), 1)
INSERT [dbo].[Orders] ([OrderID], [CustomerID], [EmployeeID], [OrderDate], [ShipperID]) VALUES (10356, 86, 6, CAST(N'1996-11-18 00:00:00.000' AS DateTime), 2)
INSERT [dbo].[Orders] ([OrderID], [CustomerID], [EmployeeID], [OrderDate], [ShipperID]) VALUES (10357, 46, 1, CAST(N'1996-11-19 00:00:00.000' AS DateTime), 3)
INSERT [dbo].[Orders] ([OrderID], [CustomerID], [EmployeeID], [OrderDate], [ShipperID]) VALUES (10358, 41, 5, CAST(N'1996-11-20 00:00:00.000' AS DateTime), 1)
INSERT [dbo].[Orders] ([OrderID], [CustomerID], [EmployeeID], [OrderDate], [ShipperID]) VALUES (10359, 72, 5, CAST(N'1996-11-21 00:00:00.000' AS DateTime), 3)
INSERT [dbo].[Orders] ([OrderID], [CustomerID], [EmployeeID], [OrderDate], [ShipperID]) VALUES (10360, 7, 4, CAST(N'1996-11-22 00:00:00.000' AS DateTime), 3)
INSERT [dbo].[Orders] ([OrderID], [CustomerID], [EmployeeID], [OrderDate], [ShipperID]) VALUES (10361, 63, 1, CAST(N'1996-11-22 00:00:00.000' AS DateTime), 2)
INSERT [dbo].[Orders] ([OrderID], [CustomerID], [EmployeeID], [OrderDate], [ShipperID]) VALUES (10362, 9, 3, CAST(N'1996-11-25 00:00:00.000' AS DateTime), 1)
INSERT [dbo].[Orders] ([OrderID], [CustomerID], [EmployeeID], [OrderDate], [ShipperID]) VALUES (10363, 17, 4, CAST(N'1996-11-26 00:00:00.000' AS DateTime), 3)
INSERT [dbo].[Orders] ([OrderID], [CustomerID], [EmployeeID], [OrderDate], [ShipperID]) VALUES (10364, 19, 1, CAST(N'1996-11-26 00:00:00.000' AS DateTime), 1)
INSERT [dbo].[Orders] ([OrderID], [CustomerID], [EmployeeID], [OrderDate], [ShipperID]) VALUES (10365, 3, 3, CAST(N'1996-11-27 00:00:00.000' AS DateTime), 2)
INSERT [dbo].[Orders] ([OrderID], [CustomerID], [EmployeeID], [OrderDate], [ShipperID]) VALUES (10366, 29, 8, CAST(N'1996-11-28 00:00:00.000' AS DateTime), 2)
INSERT [dbo].[Orders] ([OrderID], [CustomerID], [EmployeeID], [OrderDate], [ShipperID]) VALUES (10367, 83, 7, CAST(N'1996-11-28 00:00:00.000' AS DateTime), 3)
INSERT [dbo].[Orders] ([OrderID], [CustomerID], [EmployeeID], [OrderDate], [ShipperID]) VALUES (10368, 20, 2, CAST(N'1996-11-29 00:00:00.000' AS DateTime), 2)
INSERT [dbo].[Orders] ([OrderID], [CustomerID], [EmployeeID], [OrderDate], [ShipperID]) VALUES (10369, 75, 8, CAST(N'1996-12-02 00:00:00.000' AS DateTime), 2)
INSERT [dbo].[Orders] ([OrderID], [CustomerID], [EmployeeID], [OrderDate], [ShipperID]) VALUES (10370, 14, 6, CAST(N'1996-12-03 00:00:00.000' AS DateTime), 2)
INSERT [dbo].[Orders] ([OrderID], [CustomerID], [EmployeeID], [OrderDate], [ShipperID]) VALUES (10371, 41, 1, CAST(N'1996-12-03 00:00:00.000' AS DateTime), 1)
INSERT [dbo].[Orders] ([OrderID], [CustomerID], [EmployeeID], [OrderDate], [ShipperID]) VALUES (10372, 62, 5, CAST(N'1996-12-04 00:00:00.000' AS DateTime), 2)
INSERT [dbo].[Orders] ([OrderID], [CustomerID], [EmployeeID], [OrderDate], [ShipperID]) VALUES (10373, 37, 4, CAST(N'1996-12-05 00:00:00.000' AS DateTime), 3)
INSERT [dbo].[Orders] ([OrderID], [CustomerID], [EmployeeID], [OrderDate], [ShipperID]) VALUES (10374, 91, 1, CAST(N'1996-12-05 00:00:00.000' AS DateTime), 3)
INSERT [dbo].[Orders] ([OrderID], [CustomerID], [EmployeeID], [OrderDate], [ShipperID]) VALUES (10375, 36, 3, CAST(N'1996-12-06 00:00:00.000' AS DateTime), 2)
INSERT [dbo].[Orders] ([OrderID], [CustomerID], [EmployeeID], [OrderDate], [ShipperID]) VALUES (10376, 51, 1, CAST(N'1996-12-09 00:00:00.000' AS DateTime), 2)
INSERT [dbo].[Orders] ([OrderID], [CustomerID], [EmployeeID], [OrderDate], [ShipperID]) VALUES (10377, 72, 1, CAST(N'1996-12-09 00:00:00.000' AS DateTime), 3)
INSERT [dbo].[Orders] ([OrderID], [CustomerID], [EmployeeID], [OrderDate], [ShipperID]) VALUES (10378, 24, 5, CAST(N'1996-12-10 00:00:00.000' AS DateTime), 3)
INSERT [dbo].[Orders] ([OrderID], [CustomerID], [EmployeeID], [OrderDate], [ShipperID]) VALUES (10379, 61, 2, CAST(N'1996-12-11 00:00:00.000' AS DateTime), 1)
INSERT [dbo].[Orders] ([OrderID], [CustomerID], [EmployeeID], [OrderDate], [ShipperID]) VALUES (10380, 37, 8, CAST(N'1996-12-12 00:00:00.000' AS DateTime), 3)
INSERT [dbo].[Orders] ([OrderID], [CustomerID], [EmployeeID], [OrderDate], [ShipperID]) VALUES (10381, 46, 3, CAST(N'1996-12-12 00:00:00.000' AS DateTime), 3)
INSERT [dbo].[Orders] ([OrderID], [CustomerID], [EmployeeID], [OrderDate], [ShipperID]) VALUES (10382, 20, 4, CAST(N'1996-12-13 00:00:00.000' AS DateTime), 1)
INSERT [dbo].[Orders] ([OrderID], [CustomerID], [EmployeeID], [OrderDate], [ShipperID]) VALUES (10383, 4, 8, CAST(N'1996-12-16 00:00:00.000' AS DateTime), 3)
INSERT [dbo].[Orders] ([OrderID], [CustomerID], [EmployeeID], [OrderDate], [ShipperID]) VALUES (10384, 5, 3, CAST(N'1996-12-16 00:00:00.000' AS DateTime), 3)
INSERT [dbo].[Orders] ([OrderID], [CustomerID], [EmployeeID], [OrderDate], [ShipperID]) VALUES (10385, 75, 1, CAST(N'1996-12-17 00:00:00.000' AS DateTime), 2)
INSERT [dbo].[Orders] ([OrderID], [CustomerID], [EmployeeID], [OrderDate], [ShipperID]) VALUES (10386, 21, 9, CAST(N'1996-12-18 00:00:00.000' AS DateTime), 3)
INSERT [dbo].[Orders] ([OrderID], [CustomerID], [EmployeeID], [OrderDate], [ShipperID]) VALUES (10387, 70, 1, CAST(N'1996-12-18 00:00:00.000' AS DateTime), 2)
INSERT [dbo].[Orders] ([OrderID], [CustomerID], [EmployeeID], [OrderDate], [ShipperID]) VALUES (10388, 72, 2, CAST(N'1996-12-19 00:00:00.000' AS DateTime), 1)
INSERT [dbo].[Orders] ([OrderID], [CustomerID], [EmployeeID], [OrderDate], [ShipperID]) VALUES (10389, 10, 4, CAST(N'1996-12-20 00:00:00.000' AS DateTime), 2)
INSERT [dbo].[Orders] ([OrderID], [CustomerID], [EmployeeID], [OrderDate], [ShipperID]) VALUES (10390, 20, 6, CAST(N'1996-12-23 00:00:00.000' AS DateTime), 1)
INSERT [dbo].[Orders] ([OrderID], [CustomerID], [EmployeeID], [OrderDate], [ShipperID]) VALUES (10391, 17, 3, CAST(N'1996-12-23 00:00:00.000' AS DateTime), 3)
INSERT [dbo].[Orders] ([OrderID], [CustomerID], [EmployeeID], [OrderDate], [ShipperID]) VALUES (10392, 59, 2, CAST(N'1996-12-24 00:00:00.000' AS DateTime), 3)
INSERT [dbo].[Orders] ([OrderID], [CustomerID], [EmployeeID], [OrderDate], [ShipperID]) VALUES (10393, 71, 1, CAST(N'1996-12-25 00:00:00.000' AS DateTime), 3)
INSERT [dbo].[Orders] ([OrderID], [CustomerID], [EmployeeID], [OrderDate], [ShipperID]) VALUES (10394, 36, 1, CAST(N'1996-12-25 00:00:00.000' AS DateTime), 3)
INSERT [dbo].[Orders] ([OrderID], [CustomerID], [EmployeeID], [OrderDate], [ShipperID]) VALUES (10395, 35, 6, CAST(N'1996-12-26 00:00:00.000' AS DateTime), 1)
INSERT [dbo].[Orders] ([OrderID], [CustomerID], [EmployeeID], [OrderDate], [ShipperID]) VALUES (10396, 25, 1, CAST(N'1996-12-27 00:00:00.000' AS DateTime), 3)
INSERT [dbo].[Orders] ([OrderID], [CustomerID], [EmployeeID], [OrderDate], [ShipperID]) VALUES (10397, 60, 5, CAST(N'1996-12-27 00:00:00.000' AS DateTime), 1)
INSERT [dbo].[Orders] ([OrderID], [CustomerID], [EmployeeID], [OrderDate], [ShipperID]) VALUES (10398, 71, 2, CAST(N'1996-12-30 00:00:00.000' AS DateTime), 3)
INSERT [dbo].[Orders] ([OrderID], [CustomerID], [EmployeeID], [OrderDate], [ShipperID]) VALUES (10399, 83, 8, CAST(N'1996-12-31 00:00:00.000' AS DateTime), 3)
INSERT [dbo].[Orders] ([OrderID], [CustomerID], [EmployeeID], [OrderDate], [ShipperID]) VALUES (10400, 19, 1, CAST(N'1997-01-01 00:00:00.000' AS DateTime), 3)
INSERT [dbo].[Orders] ([OrderID], [CustomerID], [EmployeeID], [OrderDate], [ShipperID]) VALUES (10401, 65, 1, CAST(N'1997-01-01 00:00:00.000' AS DateTime), 1)
INSERT [dbo].[Orders] ([OrderID], [CustomerID], [EmployeeID], [OrderDate], [ShipperID]) VALUES (10402, 20, 8, CAST(N'1997-01-02 00:00:00.000' AS DateTime), 2)
INSERT [dbo].[Orders] ([OrderID], [CustomerID], [EmployeeID], [OrderDate], [ShipperID]) VALUES (10403, 20, 4, CAST(N'1997-01-03 00:00:00.000' AS DateTime), 3)
INSERT [dbo].[Orders] ([OrderID], [CustomerID], [EmployeeID], [OrderDate], [ShipperID]) VALUES (10404, 49, 2, CAST(N'1997-01-03 00:00:00.000' AS DateTime), 1)
INSERT [dbo].[Orders] ([OrderID], [CustomerID], [EmployeeID], [OrderDate], [ShipperID]) VALUES (10405, 47, 1, CAST(N'1997-01-06 00:00:00.000' AS DateTime), 1)
INSERT [dbo].[Orders] ([OrderID], [CustomerID], [EmployeeID], [OrderDate], [ShipperID]) VALUES (10406, 62, 7, CAST(N'1997-01-07 00:00:00.000' AS DateTime), 1)
INSERT [dbo].[Orders] ([OrderID], [CustomerID], [EmployeeID], [OrderDate], [ShipperID]) VALUES (10407, 56, 2, CAST(N'1997-01-07 00:00:00.000' AS DateTime), 2)
INSERT [dbo].[Orders] ([OrderID], [CustomerID], [EmployeeID], [OrderDate], [ShipperID]) VALUES (10408, 23, 8, CAST(N'1997-01-08 00:00:00.000' AS DateTime), 1)
INSERT [dbo].[Orders] ([OrderID], [CustomerID], [EmployeeID], [OrderDate], [ShipperID]) VALUES (10409, 54, 3, CAST(N'1997-01-09 00:00:00.000' AS DateTime), 1)
INSERT [dbo].[Orders] ([OrderID], [CustomerID], [EmployeeID], [OrderDate], [ShipperID]) VALUES (10410, 10, 3, CAST(N'1997-01-10 00:00:00.000' AS DateTime), 3)
INSERT [dbo].[Orders] ([OrderID], [CustomerID], [EmployeeID], [OrderDate], [ShipperID]) VALUES (10411, 10, 9, CAST(N'1997-01-10 00:00:00.000' AS DateTime), 3)
INSERT [dbo].[Orders] ([OrderID], [CustomerID], [EmployeeID], [OrderDate], [ShipperID]) VALUES (10412, 87, 8, CAST(N'1997-01-13 00:00:00.000' AS DateTime), 2)
INSERT [dbo].[Orders] ([OrderID], [CustomerID], [EmployeeID], [OrderDate], [ShipperID]) VALUES (10413, 41, 3, CAST(N'1997-01-14 00:00:00.000' AS DateTime), 2)
INSERT [dbo].[Orders] ([OrderID], [CustomerID], [EmployeeID], [OrderDate], [ShipperID]) VALUES (10414, 21, 2, CAST(N'1997-01-14 00:00:00.000' AS DateTime), 3)
INSERT [dbo].[Orders] ([OrderID], [CustomerID], [EmployeeID], [OrderDate], [ShipperID]) VALUES (10415, 36, 3, CAST(N'1997-01-15 00:00:00.000' AS DateTime), 1)
INSERT [dbo].[Orders] ([OrderID], [CustomerID], [EmployeeID], [OrderDate], [ShipperID]) VALUES (10416, 87, 8, CAST(N'1997-01-16 00:00:00.000' AS DateTime), 3)
INSERT [dbo].[Orders] ([OrderID], [CustomerID], [EmployeeID], [OrderDate], [ShipperID]) VALUES (10417, 73, 4, CAST(N'1997-01-16 00:00:00.000' AS DateTime), 3)
INSERT [dbo].[Orders] ([OrderID], [CustomerID], [EmployeeID], [OrderDate], [ShipperID]) VALUES (10418, 63, 4, CAST(N'1997-01-17 00:00:00.000' AS DateTime), 1)
INSERT [dbo].[Orders] ([OrderID], [CustomerID], [EmployeeID], [OrderDate], [ShipperID]) VALUES (10419, 68, 4, CAST(N'1997-01-20 00:00:00.000' AS DateTime), 2)
INSERT [dbo].[Orders] ([OrderID], [CustomerID], [EmployeeID], [OrderDate], [ShipperID]) VALUES (10420, 88, 3, CAST(N'1997-01-21 00:00:00.000' AS DateTime), 1)
INSERT [dbo].[Orders] ([OrderID], [CustomerID], [EmployeeID], [OrderDate], [ShipperID]) VALUES (10421, 61, 8, CAST(N'1997-01-21 00:00:00.000' AS DateTime), 1)
INSERT [dbo].[Orders] ([OrderID], [CustomerID], [EmployeeID], [OrderDate], [ShipperID]) VALUES (10422, 27, 2, CAST(N'1997-01-22 00:00:00.000' AS DateTime), 1)
INSERT [dbo].[Orders] ([OrderID], [CustomerID], [EmployeeID], [OrderDate], [ShipperID]) VALUES (10423, 31, 6, CAST(N'1997-01-23 00:00:00.000' AS DateTime), 3)
INSERT [dbo].[Orders] ([OrderID], [CustomerID], [EmployeeID], [OrderDate], [ShipperID]) VALUES (10424, 51, 7, CAST(N'1997-01-23 00:00:00.000' AS DateTime), 2)
INSERT [dbo].[Orders] ([OrderID], [CustomerID], [EmployeeID], [OrderDate], [ShipperID]) VALUES (10425, 41, 6, CAST(N'1997-01-24 00:00:00.000' AS DateTime), 2)
INSERT [dbo].[Orders] ([OrderID], [CustomerID], [EmployeeID], [OrderDate], [ShipperID]) VALUES (10426, 29, 4, CAST(N'1997-01-27 00:00:00.000' AS DateTime), 1)
INSERT [dbo].[Orders] ([OrderID], [CustomerID], [EmployeeID], [OrderDate], [ShipperID]) VALUES (10427, 59, 4, CAST(N'1997-01-27 00:00:00.000' AS DateTime), 2)
INSERT [dbo].[Orders] ([OrderID], [CustomerID], [EmployeeID], [OrderDate], [ShipperID]) VALUES (10428, 66, 7, CAST(N'1997-01-28 00:00:00.000' AS DateTime), 1)
INSERT [dbo].[Orders] ([OrderID], [CustomerID], [EmployeeID], [OrderDate], [ShipperID]) VALUES (10429, 37, 3, CAST(N'1997-01-29 00:00:00.000' AS DateTime), 2)
INSERT [dbo].[Orders] ([OrderID], [CustomerID], [EmployeeID], [OrderDate], [ShipperID]) VALUES (10430, 20, 4, CAST(N'1997-01-30 00:00:00.000' AS DateTime), 1)
INSERT [dbo].[Orders] ([OrderID], [CustomerID], [EmployeeID], [OrderDate], [ShipperID]) VALUES (10431, 10, 4, CAST(N'1997-01-30 00:00:00.000' AS DateTime), 2)
INSERT [dbo].[Orders] ([OrderID], [CustomerID], [EmployeeID], [OrderDate], [ShipperID]) VALUES (10432, 75, 3, CAST(N'1997-01-31 00:00:00.000' AS DateTime), 2)
INSERT [dbo].[Orders] ([OrderID], [CustomerID], [EmployeeID], [OrderDate], [ShipperID]) VALUES (10433, 60, 3, CAST(N'1997-02-03 00:00:00.000' AS DateTime), 3)
INSERT [dbo].[Orders] ([OrderID], [CustomerID], [EmployeeID], [OrderDate], [ShipperID]) VALUES (10434, 24, 3, CAST(N'1997-02-03 00:00:00.000' AS DateTime), 2)
INSERT [dbo].[Orders] ([OrderID], [CustomerID], [EmployeeID], [OrderDate], [ShipperID]) VALUES (10435, 16, 8, CAST(N'1997-02-04 00:00:00.000' AS DateTime), 2)
INSERT [dbo].[Orders] ([OrderID], [CustomerID], [EmployeeID], [OrderDate], [ShipperID]) VALUES (10436, 7, 3, CAST(N'1997-02-05 00:00:00.000' AS DateTime), 2)
INSERT [dbo].[Orders] ([OrderID], [CustomerID], [EmployeeID], [OrderDate], [ShipperID]) VALUES (10437, 87, 8, CAST(N'1997-02-05 00:00:00.000' AS DateTime), 1)
INSERT [dbo].[Orders] ([OrderID], [CustomerID], [EmployeeID], [OrderDate], [ShipperID]) VALUES (10438, 79, 3, CAST(N'1997-02-06 00:00:00.000' AS DateTime), 2)
INSERT [dbo].[Orders] ([OrderID], [CustomerID], [EmployeeID], [OrderDate], [ShipperID]) VALUES (10439, 51, 6, CAST(N'1997-02-07 00:00:00.000' AS DateTime), 3)
INSERT [dbo].[Orders] ([OrderID], [CustomerID], [EmployeeID], [OrderDate], [ShipperID]) VALUES (10440, 71, 4, CAST(N'1997-02-10 00:00:00.000' AS DateTime), 2)
INSERT [dbo].[Orders] ([OrderID], [CustomerID], [EmployeeID], [OrderDate], [ShipperID]) VALUES (10441, 55, 3, CAST(N'1997-02-10 00:00:00.000' AS DateTime), 2)
INSERT [dbo].[Orders] ([OrderID], [CustomerID], [EmployeeID], [OrderDate], [ShipperID]) VALUES (10442, 20, 3, CAST(N'1997-02-11 00:00:00.000' AS DateTime), 2)
INSERT [dbo].[Orders] ([OrderID], [CustomerID], [EmployeeID], [OrderDate], [ShipperID]) VALUES (10443, 66, 8, CAST(N'1997-02-12 00:00:00.000' AS DateTime), 1)
------------------
----------------------------------------------------------------
INSERT [dbo].[Suppliers] ([SupplierID], [SupplierName], [ContactName], [Address], [City], [PostalCode], [Country], [Phone]) VALUES (1, N'Exotic Liquid', N'Charlotte Cooper', N'49 Gilbert St.', N'Londona', NULL, N'UK', N'(171) 555-2222')
INSERT [dbo].[Suppliers] ([SupplierID], [SupplierName], [ContactName], [Address], [City], [PostalCode], [Country], [Phone]) VALUES (2, N'New Orleans Cajun Delights', N'Shelley Burke', N'P.O. Box 78934', N'New Orleans', 70117, N'USA', N'(100) 555-4822')
INSERT [dbo].[Suppliers] ([SupplierID], [SupplierName], [ContactName], [Address], [City], [PostalCode], [Country], [Phone]) VALUES (3, N'Grandma Kelly''s Homestead', N'Regina Murphy', N'707 Oxford Rd.', N'Ann Arbor', 48104, N'USA', N'(313) 555-5735')
INSERT [dbo].[Suppliers] ([SupplierID], [SupplierName], [ContactName], [Address], [City], [PostalCode], [Country], [Phone]) VALUES (4, N'Tokyo Traders', N'Yoshi Nagase', N'9-8 Sekimai Musashino-shi', N'Tokyo', 100, N'Japan', N'(03) 3555-5011')
INSERT [dbo].[Suppliers] ([SupplierID], [SupplierName], [ContactName], [Address], [City], [PostalCode], [Country], [Phone]) VALUES (5, N'Cooperativa de Quesos ''Las Cabras''', N'Antonio del Valle Saavedra', N'Calle del Rosal 4', N'Oviedo', 33007, N'Spain', N'(98) 598 76 54')
INSERT [dbo].[Suppliers] ([SupplierID], [SupplierName], [ContactName], [Address], [City], [PostalCode], [Country], [Phone]) VALUES (6, N'Mayumi''s', N'Mayumi Ohno', N'92 Setsuko Chuo-ku', N'Osaka', 545, N'Japan', N'(06) 431-7877')
INSERT [dbo].[Suppliers] ([SupplierID], [SupplierName], [ContactName], [Address], [City], [PostalCode], [Country], [Phone]) VALUES (7, N'Pavlova, Ltd.', N'Ian Devling', N'74 Rose St. Moonie Ponds', N'Melbourne', 3058, N'Australia', N'(03) 444-2343')
INSERT [dbo].[Suppliers] ([SupplierID], [SupplierName], [ContactName], [Address], [City], [PostalCode], [Country], [Phone]) VALUES (8, N'Specialty Biscuits, Ltd.', N'Peter Wilson', N'29 King''s Way', N'Manchester', NULL, N'UK', N'(161) 555-4448')
INSERT [dbo].[Suppliers] ([SupplierID], [SupplierName], [ContactName], [Address], [City], [PostalCode], [Country], [Phone]) VALUES (9, N'PB Knäckebröd AB', N'Lars Peterson', N'Kaloadagatan 13', N'Göteborg', NULL, N'Sweden', N'031-987 65 43')
INSERT [dbo].[Suppliers] ([SupplierID], [SupplierName], [ContactName], [Address], [City], [PostalCode], [Country], [Phone]) VALUES (10, N'Refrescos Americanas LTDA', N'Carlos Diaz', N'Av. das Americanas 12.890', N'São Paulo', 5442, N'Brazil', N'(11) 555 4640')
INSERT [dbo].[Suppliers] ([SupplierID], [SupplierName], [ContactName], [Address], [City], [PostalCode], [Country], [Phone]) VALUES (11, N'Heli Süßwaren GmbH & Co. KG', N'Petra Winkler', N'Tiergartenstraße 5', N'Berlin', 10785, N'Germany', N'(010) 9984510')
INSERT [dbo].[Suppliers] ([SupplierID], [SupplierName], [ContactName], [Address], [City], [PostalCode], [Country], [Phone]) VALUES (12, N'Plutzer Lebensmittelgroßmärkte AG', N'Martin Bein', N'Bogenallee 51', N'Frankfurt', 60439, N'Germany', N'(069) 992755')
INSERT [dbo].[Suppliers] ([SupplierID], [SupplierName], [ContactName], [Address], [City], [PostalCode], [Country], [Phone]) VALUES (13, N'Nord-Ost-Fisch Handelsgesellschaft mbH', N'Sven Petersen', N'Frahmredder 112a', N'Cuxhaven', 27478, N'Germany', N'(04721) 8713')
INSERT [dbo].[Suppliers] ([SupplierID], [SupplierName], [ContactName], [Address], [City], [PostalCode], [Country], [Phone]) VALUES (14, N'Formaggi Fortini s.r.l.', N'Elio Rossi', N'Viale Dante, 75', N'Ravenna', 48100, N'Italy', N'(0544) 60323')
INSERT [dbo].[Suppliers] ([SupplierID], [SupplierName], [ContactName], [Address], [City], [PostalCode], [Country], [Phone]) VALUES (15, N'Norske Meierier', N'Beate Vileid', N'Hatlevegen 5', N'Sandvika', 1320, N'Norway', N'(0)2-953010')
INSERT [dbo].[Suppliers] ([SupplierID], [SupplierName], [ContactName], [Address], [City], [PostalCode], [Country], [Phone]) VALUES (16, N'Bigfoot Breweries', N'Cheryl Saylor', N'3400 - 8th Avenue Suite 210', N'Bend', 97101, N'USA', N'(503) 555-9931')
INSERT [dbo].[Suppliers] ([SupplierID], [SupplierName], [ContactName], [Address], [City], [PostalCode], [Country], [Phone]) VALUES (17, N'Svensk Sjöföda AB', N'Michael Björn', N'Brovallavägen 231', N'Stockholm', NULL, N'Sweden', N'08-123 45 67')
INSERT [dbo].[Suppliers] ([SupplierID], [SupplierName], [ContactName], [Address], [City], [PostalCode], [Country], [Phone]) VALUES (18, N'Aux joyeux ecclésiastiques', N'Guylène Nodier', N'203, Rue des Francs-Bourgeois', N'Paris', 75004, N'France', N'(1) 03.83.00.68')
INSERT [dbo].[Suppliers] ([SupplierID], [SupplierName], [ContactName], [Address], [City], [PostalCode], [Country], [Phone]) VALUES (19, N'New England Seafood Cannery', N'Robb Merchant', N'Order Processing Dept. 2100 Paul Revere Blvd.', N'Boston', 2134, N'USA', N'(617) 555-3267')
INSERT [dbo].[Suppliers] ([SupplierID], [SupplierName], [ContactName], [Address], [City], [PostalCode], [Country], [Phone]) VALUES (20, N'Leka Trading', N'Chandra Leka', N'471 Serangoon Loop, Suite #402', N'Singapore', 512, N'Singapore', N'555-8787')
INSERT [dbo].[Suppliers] ([SupplierID], [SupplierName], [ContactName], [Address], [City], [PostalCode], [Country], [Phone]) VALUES (21, N'Lyngbysild', N'Niels Petersen', N'Lyngbysild Fiskebakken 10', N'Lyngby', 2800, N'Denmark', N'43844108')
INSERT [dbo].[Suppliers] ([SupplierID], [SupplierName], [ContactName], [Address], [City], [PostalCode], [Country], [Phone]) VALUES (22, N'Zaanse Snoepfabriek', N'Dirk Luchte', N'Verkoop Rijnweg 22', N'Zaandam', NULL, N'Netherlands', N'(12345) 1212')
INSERT [dbo].[Suppliers] ([SupplierID], [SupplierName], [ContactName], [Address], [City], [PostalCode], [Country], [Phone]) VALUES (23, N'Karkki Oy', N'Anne Heikkonen', N'Valtakatu 12', N'Lappeenranta', 53120, N'Finland', N'(953) 10956')
INSERT [dbo].[Suppliers] ([SupplierID], [SupplierName], [ContactName], [Address], [City], [PostalCode], [Country], [Phone]) VALUES (24, N'G''day, Mate', N'Wendy Mackenzie', N'170 Prince Edward Parade Hunter''s Hill', N'Sydney', 2042, N'Australia', N'(02) 555-5914')
INSERT [dbo].[Suppliers] ([SupplierID], [SupplierName], [ContactName], [Address], [City], [PostalCode], [Country], [Phone]) VALUES (25, N'Ma Maison', N'Jean-Guy Lauzon', N'2960 Rue St. Laurent', N'Montréal', NULL, N'Canada', N'(514) 555-9022')
INSERT [dbo].[Suppliers] ([SupplierID], [SupplierName], [ContactName], [Address], [City], [PostalCode], [Country], [Phone]) VALUES (26, N'Pasta Buttini s.r.l.', N'Giovanni Giudici', N'Via dei Gelsomini, 153', N'Salerno', 84100, N'Italy', N'(089) 6547665')
INSERT [dbo].[Suppliers] ([SupplierID], [SupplierName], [ContactName], [Address], [City], [PostalCode], [Country], [Phone]) VALUES (27, N'Escargots Nouveaux', N'Marie Delamare', N'22, rue H. Voiron', N'Montceau', 71300, N'France', N'85.57.00.07')
INSERT [dbo].[Suppliers] ([SupplierID], [SupplierName], [ContactName], [Address], [City], [PostalCode], [Country], [Phone]) VALUES (28, N'Gai pâturage', N'Eliane Noz', N'Bat. B 3, rue des Alpes', N'Annecy', 74000, N'France', N'38.76.98.06')
INSERT [dbo].[Suppliers] ([SupplierID], [SupplierName], [ContactName], [Address], [City], [PostalCode], [Country], [Phone]) VALUES (29, N'Forêts d''érables', N'Chantal Goulet', N'148 rue Chasseur', N'Ste-Hyacinthe', NULL, N'Canada', N'(514) 555-2955')
----------------------------------------------------
INSERT [dbo].[Products] ([ProductID], [ProductName], [SupplierID], [CategoryID], [Unit], [Price]) VALUES (1, N'Chais', 1, 1, N'10 boxes x 20 bags', 18)
INSERT [dbo].[Products] ([ProductID], [ProductName], [SupplierID], [CategoryID], [Unit], [Price]) VALUES (2, N'Chang', 1, 1, N'24 - 12 oz bottles', 19)
INSERT [dbo].[Products] ([ProductID], [ProductName], [SupplierID], [CategoryID], [Unit], [Price]) VALUES (3, N'Aniseed Syrup', 1, 2, N'12 - 550 ml bottles', 10)
INSERT [dbo].[Products] ([ProductID], [ProductName], [SupplierID], [CategoryID], [Unit], [Price]) VALUES (4, N'Chef Anton''s Cajun Seasoning', 2, 2, N'48 - 6 oz jars', 22)
INSERT [dbo].[Products] ([ProductID], [ProductName], [SupplierID], [CategoryID], [Unit], [Price]) VALUES (5, N'Chef Anton''s Gumbo Mix', 2, 2, N'36 boxes', 21.35)
INSERT [dbo].[Products] ([ProductID], [ProductName], [SupplierID], [CategoryID], [Unit], [Price]) VALUES (6, N'Grandma''s Boysenberry Spread', 3, 2, N'12 - 8 oz jars', 25)
INSERT [dbo].[Products] ([ProductID], [ProductName], [SupplierID], [CategoryID], [Unit], [Price]) VALUES (7, N'Uncle Bob''s Organic Dried Pears', 3, 7, N'12 - 1 lb pkgs.', 30)
INSERT [dbo].[Products] ([ProductID], [ProductName], [SupplierID], [CategoryID], [Unit], [Price]) VALUES (8, N'Northwoods Cranberry Sauce', 3, 2, N'12 - 12 oz jars', 40)
INSERT [dbo].[Products] ([ProductID], [ProductName], [SupplierID], [CategoryID], [Unit], [Price]) VALUES (9, N'Mishi Kobe Niku', 4, 6, N'18 - 500 g pkgs.', 97)
INSERT [dbo].[Products] ([ProductID], [ProductName], [SupplierID], [CategoryID], [Unit], [Price]) VALUES (10, N'Ikura', 4, 8, N'12 - 200 ml jars', 31)
INSERT [dbo].[Products] ([ProductID], [ProductName], [SupplierID], [CategoryID], [Unit], [Price]) VALUES (11, N'Queso Cabrales', 5, 4, N'1 kg pkg.', 21)
INSERT [dbo].[Products] ([ProductID], [ProductName], [SupplierID], [CategoryID], [Unit], [Price]) VALUES (12, N'Queso Manchego La Pastora', 5, 4, N'10 - 500 g pkgs.', 38)
INSERT [dbo].[Products] ([ProductID], [ProductName], [SupplierID], [CategoryID], [Unit], [Price]) VALUES (13, N'Konbu', 6, 8, N'2 kg box', 6)
INSERT [dbo].[Products] ([ProductID], [ProductName], [SupplierID], [CategoryID], [Unit], [Price]) VALUES (14, N'Tofu', 6, 7, N'40 - 100 g pkgs.', 23.25)
INSERT [dbo].[Products] ([ProductID], [ProductName], [SupplierID], [CategoryID], [Unit], [Price]) VALUES (15, N'Genen Shouyu', 6, 2, N'24 - 250 ml bottles', 15.5)
INSERT [dbo].[Products] ([ProductID], [ProductName], [SupplierID], [CategoryID], [Unit], [Price]) VALUES (16, N'Pavlova', 7, 3, N'32 - 500 g boxes', 17.45)
INSERT [dbo].[Products] ([ProductID], [ProductName], [SupplierID], [CategoryID], [Unit], [Price]) VALUES (17, N'Alice Mutton', 7, 6, N'20 - 1 kg tins', 39)
INSERT [dbo].[Products] ([ProductID], [ProductName], [SupplierID], [CategoryID], [Unit], [Price]) VALUES (18, N'Carnarvon Tigers', 7, 8, N'16 kg pkg.', 62.5)
INSERT [dbo].[Products] ([ProductID], [ProductName], [SupplierID], [CategoryID], [Unit], [Price]) VALUES (19, N'Teatime Chocolate Biscuits', 8, 3, N'10 boxes x 12 pieces', 9.2)
INSERT [dbo].[Products] ([ProductID], [ProductName], [SupplierID], [CategoryID], [Unit], [Price]) VALUES (20, N'Sir Rodney''s Marmalade', 8, 3, N'30 gift boxes', 81)
INSERT [dbo].[Products] ([ProductID], [ProductName], [SupplierID], [CategoryID], [Unit], [Price]) VALUES (21, N'Sir Rodney''s Scones', 8, 3, N'24 pkgs. x 4 pieces', 10)
INSERT [dbo].[Products] ([ProductID], [ProductName], [SupplierID], [CategoryID], [Unit], [Price]) VALUES (22, N'Gustaf''s Knäckebröd', 9, 5, N'24 - 500 g pkgs.', 21)
INSERT [dbo].[Products] ([ProductID], [ProductName], [SupplierID], [CategoryID], [Unit], [Price]) VALUES (23, N'Tunnbröd', 9, 5, N'12 - 250 g pkgs.', 9)
INSERT [dbo].[Products] ([ProductID], [ProductName], [SupplierID], [CategoryID], [Unit], [Price]) VALUES (24, N'Guaraná Fantástica', 10, 1, N'12 - 355 ml cans', 4.5)
INSERT [dbo].[Products] ([ProductID], [ProductName], [SupplierID], [CategoryID], [Unit], [Price]) VALUES (25, N'NuNuCa Nuß-Nougat-Creme', 11, 3, N'20 - 450 g glasses', 14)
INSERT [dbo].[Products] ([ProductID], [ProductName], [SupplierID], [CategoryID], [Unit], [Price]) VALUES (26, N'Gumbär Gummibärchen', 11, 3, N'100 - 250 g bags', 31.23)
INSERT [dbo].[Products] ([ProductID], [ProductName], [SupplierID], [CategoryID], [Unit], [Price]) VALUES (27, N'Schoggi Schokolade', 11, 3, N'100 - 100 g pieces', 43.9)
INSERT [dbo].[Products] ([ProductID], [ProductName], [SupplierID], [CategoryID], [Unit], [Price]) VALUES (28, N'Rössle Sauerkraut', 12, 7, N'25 - 825 g cans', 45.6)
INSERT [dbo].[Products] ([ProductID], [ProductName], [SupplierID], [CategoryID], [Unit], [Price]) VALUES (29, N'Thüringer Rostbratwurst', 12, 6, N'50 bags x 30 sausgs.', 123.79)
INSERT [dbo].[Products] ([ProductID], [ProductName], [SupplierID], [CategoryID], [Unit], [Price]) VALUES (30, N'Nord-Ost Matjeshering', 13, 8, N'10 - 200 g glasses', 25.89)
INSERT [dbo].[Products] ([ProductID], [ProductName], [SupplierID], [CategoryID], [Unit], [Price]) VALUES (31, N'Gorgonzola Telino', 14, 4, N'12 - 100 g pkgs', 12.5)
INSERT [dbo].[Products] ([ProductID], [ProductName], [SupplierID], [CategoryID], [Unit], [Price]) VALUES (32, N'Mascarpone Fabioli', 14, 4, N'24 - 200 g pkgs.', 32)
INSERT [dbo].[Products] ([ProductID], [ProductName], [SupplierID], [CategoryID], [Unit], [Price]) VALUES (33, N'Geitost', 15, 4, N'500 g', 2.5)
INSERT [dbo].[Products] ([ProductID], [ProductName], [SupplierID], [CategoryID], [Unit], [Price]) VALUES (34, N'Sasquatch Ale', 16, 1, N'24 - 12 oz bottles', 14)
INSERT [dbo].[Products] ([ProductID], [ProductName], [SupplierID], [CategoryID], [Unit], [Price]) VALUES (35, N'Steeleye Stout', 16, 1, N'24 - 12 oz bottles', 18)
INSERT [dbo].[Products] ([ProductID], [ProductName], [SupplierID], [CategoryID], [Unit], [Price]) VALUES (36, N'Inlagd Sill', 17, 8, N'24 - 250 g jars', 19)
INSERT [dbo].[Products] ([ProductID], [ProductName], [SupplierID], [CategoryID], [Unit], [Price]) VALUES (37, N'Gravad lax', 17, 8, N'12 - 500 g pkgs.', 26)
INSERT [dbo].[Products] ([ProductID], [ProductName], [SupplierID], [CategoryID], [Unit], [Price]) VALUES (38, N'Côte de Blaye', 18, 1, N'12 - 75 cl bottles', 263.5)
INSERT [dbo].[Products] ([ProductID], [ProductName], [SupplierID], [CategoryID], [Unit], [Price]) VALUES (39, N'Chartreuse verte', 18, 1, N'750 cc per bottle', 18)
INSERT [dbo].[Products] ([ProductID], [ProductName], [SupplierID], [CategoryID], [Unit], [Price]) VALUES (40, N'Boston Crab Meat', 19, 8, N'24 - 4 oz tins', 18.4)
INSERT [dbo].[Products] ([ProductID], [ProductName], [SupplierID], [CategoryID], [Unit], [Price]) VALUES (41, N'Jack''s New England Clam Chowder', 19, 8, N'12 - 12 oz cans', 9.65)
INSERT [dbo].[Products] ([ProductID], [ProductName], [SupplierID], [CategoryID], [Unit], [Price]) VALUES (42, N'Singaporean Hokkien Fried Mee', 20, 5, N'32 - 1 kg pkgs.', 14)
INSERT [dbo].[Products] ([ProductID], [ProductName], [SupplierID], [CategoryID], [Unit], [Price]) VALUES (43, N'Ipoh Coffee', 20, 1, N'16 - 500 g tins', 46)
INSERT [dbo].[Products] ([ProductID], [ProductName], [SupplierID], [CategoryID], [Unit], [Price]) VALUES (44, N'Gula Malacca', 20, 2, N'20 - 2 kg bags', 19.45)
INSERT [dbo].[Products] ([ProductID], [ProductName], [SupplierID], [CategoryID], [Unit], [Price]) VALUES (45, N'Røgede sild', 21, 8, N'1k pkg.', 9.5)
INSERT [dbo].[Products] ([ProductID], [ProductName], [SupplierID], [CategoryID], [Unit], [Price]) VALUES (46, N'Spegesild', 21, 8, N'4 - 450 g glasses', 12)
INSERT [dbo].[Products] ([ProductID], [ProductName], [SupplierID], [CategoryID], [Unit], [Price]) VALUES (47, N'Zaanse koeken', 22, 3, N'10 - 4 oz boxes', 9.5)
INSERT [dbo].[Products] ([ProductID], [ProductName], [SupplierID], [CategoryID], [Unit], [Price]) VALUES (48, N'Chocolade', 22, 3, N'10 pkgs.', 12.75)
INSERT [dbo].[Products] ([ProductID], [ProductName], [SupplierID], [CategoryID], [Unit], [Price]) VALUES (49, N'Maxilaku', 23, 3, N'24 - 50 g pkgs.', 20)
INSERT [dbo].[Products] ([ProductID], [ProductName], [SupplierID], [CategoryID], [Unit], [Price]) VALUES (50, N'Valkoinen suklaa', 23, 3, N'12 - 100 g bars', 16.25)
INSERT [dbo].[Products] ([ProductID], [ProductName], [SupplierID], [CategoryID], [Unit], [Price]) VALUES (51, N'Manjimup Dried Apples', 24, 7, N'50 - 300 g pkgs.', 53)
INSERT [dbo].[Products] ([ProductID], [ProductName], [SupplierID], [CategoryID], [Unit], [Price]) VALUES (52, N'Filo Mix', 24, 5, N'16 - 2 kg boxes', 7)
INSERT [dbo].[Products] ([ProductID], [ProductName], [SupplierID], [CategoryID], [Unit], [Price]) VALUES (53, N'Perth Pasties', 24, 6, N'48 pieces', 32.8)
INSERT [dbo].[Products] ([ProductID], [ProductName], [SupplierID], [CategoryID], [Unit], [Price]) VALUES (54, N'Tourtière', 25, 6, N'16 pies', 7.45)
INSERT [dbo].[Products] ([ProductID], [ProductName], [SupplierID], [CategoryID], [Unit], [Price]) VALUES (55, N'Pâté chinois', 25, 6, N'24 boxes x 2 pies', 24)
INSERT [dbo].[Products] ([ProductID], [ProductName], [SupplierID], [CategoryID], [Unit], [Price]) VALUES (56, N'Gnocchi di nonna Alice', 26, 5, N'24 - 250 g pkgs.', 38)
INSERT [dbo].[Products] ([ProductID], [ProductName], [SupplierID], [CategoryID], [Unit], [Price]) VALUES (57, N'Ravioli Angelo', 26, 5, N'24 - 250 g pkgs.', 19.5)
INSERT [dbo].[Products] ([ProductID], [ProductName], [SupplierID], [CategoryID], [Unit], [Price]) VALUES (58, N'Escargots de Bourgogne', 27, 8, N'24 pieces', 13.25)
INSERT [dbo].[Products] ([ProductID], [ProductName], [SupplierID], [CategoryID], [Unit], [Price]) VALUES (59, N'Raclette Courdavault', 28, 4, N'5 kg pkg.', 55)
INSERT [dbo].[Products] ([ProductID], [ProductName], [SupplierID], [CategoryID], [Unit], [Price]) VALUES (60, N'Camembert Pierrot', 28, 4, N'15 - 300 g rounds', 34)
INSERT [dbo].[Products] ([ProductID], [ProductName], [SupplierID], [CategoryID], [Unit], [Price]) VALUES (61, N'Sirop d''érable', 29, 2, N'24 - 500 ml bottles', 28.5)
INSERT [dbo].[Products] ([ProductID], [ProductName], [SupplierID], [CategoryID], [Unit], [Price]) VALUES (62, N'Tarte au sucre', 29, 3, N'48 pies', 49.3)
INSERT [dbo].[Products] ([ProductID], [ProductName], [SupplierID], [CategoryID], [Unit], [Price]) VALUES (63, N'Vegie-spread', 7, 2, N'15 - 625 g jars', 43.9)
INSERT [dbo].[Products] ([ProductID], [ProductName], [SupplierID], [CategoryID], [Unit], [Price]) VALUES (64, N'Wimmers gute Semmelknödel', 12, 5, N'20 bags x 4 pieces', 33.25)
INSERT [dbo].[Products] ([ProductID], [ProductName], [SupplierID], [CategoryID], [Unit], [Price]) VALUES (65, N'Louisiana Fiery Hot Pepper Sauce', 2, 2, N'32 - 8 oz bottles', 21.05)
INSERT [dbo].[Products] ([ProductID], [ProductName], [SupplierID], [CategoryID], [Unit], [Price]) VALUES (66, N'Louisiana Hot Spiced Okra', 2, 2, N'24 - 8 oz jars', 17)
INSERT [dbo].[Products] ([ProductID], [ProductName], [SupplierID], [CategoryID], [Unit], [Price]) VALUES (67, N'Laughing Lumberjack Lager', 16, 1, N'24 - 12 oz bottles', 14)
INSERT [dbo].[Products] ([ProductID], [ProductName], [SupplierID], [CategoryID], [Unit], [Price]) VALUES (68, N'Scottish Longbreads', 8, 3, N'10 boxes x 8 pieces', 12.5)
INSERT [dbo].[Products] ([ProductID], [ProductName], [SupplierID], [CategoryID], [Unit], [Price]) VALUES (69, N'Gudbrandsdalsost', 15, 4, N'10 kg pkg.', 36)
INSERT [dbo].[Products] ([ProductID], [ProductName], [SupplierID], [CategoryID], [Unit], [Price]) VALUES (70, N'Outback Lager', 7, 1, N'24 - 355 ml bottles', 15)
INSERT [dbo].[Products] ([ProductID], [ProductName], [SupplierID], [CategoryID], [Unit], [Price]) VALUES (71, N'Fløtemysost', 15, 4, N'10 - 500 g pkgs.', 21.5)
INSERT [dbo].[Products] ([ProductID], [ProductName], [SupplierID], [CategoryID], [Unit], [Price]) VALUES (72, N'Mozzarella di Giovanni', 14, 4, N'24 - 200 g pkgs.', 34.8)
INSERT [dbo].[Products] ([ProductID], [ProductName], [SupplierID], [CategoryID], [Unit], [Price]) VALUES (73, N'Röd Kaviar', 17, 8, N'24 - 150 g jars', 15)
INSERT [dbo].[Products] ([ProductID], [ProductName], [SupplierID], [CategoryID], [Unit], [Price]) VALUES (74, N'Longlife Tofu', 4, 7, N'5 kg pkg.', 10)
INSERT [dbo].[Products] ([ProductID], [ProductName], [SupplierID], [CategoryID], [Unit], [Price]) VALUES (75, N'Rhönbräu Klosterbier', 12, 1, N'24 - 0.5 l bottles', 7.75)
INSERT [dbo].[Products] ([ProductID], [ProductName], [SupplierID], [CategoryID], [Unit], [Price]) VALUES (76, N'Lakkalikööri', 23, 1, N'500 ml', 18)
INSERT [dbo].[Products] ([ProductID], [ProductName], [SupplierID], [CategoryID], [Unit], [Price]) VALUES (77, N'Original Frankfurter grüne Soße', 12, 2, N'12 boxes', 13)
---------------------------------------------
INSERT [dbo].[OrderDetails] ([OrderDetailID], [OrderID], [ProductID], [Quantity]) VALUES (1, 10248, 11, 12)
INSERT [dbo].[OrderDetails] ([OrderDetailID], [OrderID], [ProductID], [Quantity]) VALUES (2, 10248, 42, 10)
INSERT [dbo].[OrderDetails] ([OrderDetailID], [OrderID], [ProductID], [Quantity]) VALUES (3, 10248, 72, 5)
INSERT [dbo].[OrderDetails] ([OrderDetailID], [OrderID], [ProductID], [Quantity]) VALUES (4, 10249, 14, 9)
INSERT [dbo].[OrderDetails] ([OrderDetailID], [OrderID], [ProductID], [Quantity]) VALUES (5, 10249, 51, 40)
INSERT [dbo].[OrderDetails] ([OrderDetailID], [OrderID], [ProductID], [Quantity]) VALUES (6, 10250, 41, 10)
INSERT [dbo].[OrderDetails] ([OrderDetailID], [OrderID], [ProductID], [Quantity]) VALUES (7, 10250, 51, 35)
INSERT [dbo].[OrderDetails] ([OrderDetailID], [OrderID], [ProductID], [Quantity]) VALUES (8, 10250, 65, 15)
INSERT [dbo].[OrderDetails] ([OrderDetailID], [OrderID], [ProductID], [Quantity]) VALUES (9, 10251, 22, 6)
INSERT [dbo].[OrderDetails] ([OrderDetailID], [OrderID], [ProductID], [Quantity]) VALUES (10, 10251, 57, 15)
INSERT [dbo].[OrderDetails] ([OrderDetailID], [OrderID], [ProductID], [Quantity]) VALUES (11, 10251, 65, 20)
INSERT [dbo].[OrderDetails] ([OrderDetailID], [OrderID], [ProductID], [Quantity]) VALUES (12, 10252, 20, 40)
INSERT [dbo].[OrderDetails] ([OrderDetailID], [OrderID], [ProductID], [Quantity]) VALUES (13, 10252, 33, 25)
INSERT [dbo].[OrderDetails] ([OrderDetailID], [OrderID], [ProductID], [Quantity]) VALUES (14, 10252, 60, 40)
INSERT [dbo].[OrderDetails] ([OrderDetailID], [OrderID], [ProductID], [Quantity]) VALUES (15, 10253, 31, 20)
INSERT [dbo].[OrderDetails] ([OrderDetailID], [OrderID], [ProductID], [Quantity]) VALUES (16, 10253, 39, 42)
INSERT [dbo].[OrderDetails] ([OrderDetailID], [OrderID], [ProductID], [Quantity]) VALUES (17, 10253, 49, 40)
INSERT [dbo].[OrderDetails] ([OrderDetailID], [OrderID], [ProductID], [Quantity]) VALUES (18, 10254, 24, 15)
INSERT [dbo].[OrderDetails] ([OrderDetailID], [OrderID], [ProductID], [Quantity]) VALUES (19, 10254, 55, 21)
INSERT [dbo].[OrderDetails] ([OrderDetailID], [OrderID], [ProductID], [Quantity]) VALUES (20, 10254, 74, 21)
INSERT [dbo].[OrderDetails] ([OrderDetailID], [OrderID], [ProductID], [Quantity]) VALUES (21, 10255, 2, 20)
INSERT [dbo].[OrderDetails] ([OrderDetailID], [OrderID], [ProductID], [Quantity]) VALUES (22, 10255, 16, 35)
INSERT [dbo].[OrderDetails] ([OrderDetailID], [OrderID], [ProductID], [Quantity]) VALUES (23, 10255, 36, 25)
INSERT [dbo].[OrderDetails] ([OrderDetailID], [OrderID], [ProductID], [Quantity]) VALUES (24, 10255, 59, 30)
INSERT [dbo].[OrderDetails] ([OrderDetailID], [OrderID], [ProductID], [Quantity]) VALUES (25, 10256, 53, 15)
INSERT [dbo].[OrderDetails] ([OrderDetailID], [OrderID], [ProductID], [Quantity]) VALUES (26, 10256, 77, 12)
INSERT [dbo].[OrderDetails] ([OrderDetailID], [OrderID], [ProductID], [Quantity]) VALUES (27, 10257, 27, 25)
INSERT [dbo].[OrderDetails] ([OrderDetailID], [OrderID], [ProductID], [Quantity]) VALUES (28, 10257, 39, 6)
INSERT [dbo].[OrderDetails] ([OrderDetailID], [OrderID], [ProductID], [Quantity]) VALUES (29, 10257, 77, 15)
INSERT [dbo].[OrderDetails] ([OrderDetailID], [OrderID], [ProductID], [Quantity]) VALUES (30, 10258, 2, 50)
INSERT [dbo].[OrderDetails] ([OrderDetailID], [OrderID], [ProductID], [Quantity]) VALUES (31, 10258, 5, 65)
INSERT [dbo].[OrderDetails] ([OrderDetailID], [OrderID], [ProductID], [Quantity]) VALUES (32, 10258, 32, 6)
INSERT [dbo].[OrderDetails] ([OrderDetailID], [OrderID], [ProductID], [Quantity]) VALUES (33, 10259, 21, 10)
INSERT [dbo].[OrderDetails] ([OrderDetailID], [OrderID], [ProductID], [Quantity]) VALUES (34, 10259, 37, 1)
INSERT [dbo].[OrderDetails] ([OrderDetailID], [OrderID], [ProductID], [Quantity]) VALUES (35, 10260, 41, 16)
INSERT [dbo].[OrderDetails] ([OrderDetailID], [OrderID], [ProductID], [Quantity]) VALUES (36, 10260, 57, 50)
INSERT [dbo].[OrderDetails] ([OrderDetailID], [OrderID], [ProductID], [Quantity]) VALUES (37, 10260, 62, 15)
INSERT [dbo].[OrderDetails] ([OrderDetailID], [OrderID], [ProductID], [Quantity]) VALUES (38, 10260, 70, 21)
INSERT [dbo].[OrderDetails] ([OrderDetailID], [OrderID], [ProductID], [Quantity]) VALUES (39, 10261, 21, 20)
INSERT [dbo].[OrderDetails] ([OrderDetailID], [OrderID], [ProductID], [Quantity]) VALUES (40, 10261, 35, 20)
INSERT [dbo].[OrderDetails] ([OrderDetailID], [OrderID], [ProductID], [Quantity]) VALUES (41, 10262, 5, 12)
INSERT [dbo].[OrderDetails] ([OrderDetailID], [OrderID], [ProductID], [Quantity]) VALUES (42, 10262, 7, 15)
INSERT [dbo].[OrderDetails] ([OrderDetailID], [OrderID], [ProductID], [Quantity]) VALUES (43, 10262, 56, 2)
INSERT [dbo].[OrderDetails] ([OrderDetailID], [OrderID], [ProductID], [Quantity]) VALUES (44, 10263, 16, 60)
INSERT [dbo].[OrderDetails] ([OrderDetailID], [OrderID], [ProductID], [Quantity]) VALUES (45, 10263, 24, 28)
INSERT [dbo].[OrderDetails] ([OrderDetailID], [OrderID], [ProductID], [Quantity]) VALUES (46, 10263, 30, 60)
INSERT [dbo].[OrderDetails] ([OrderDetailID], [OrderID], [ProductID], [Quantity]) VALUES (47, 10263, 74, 36)
INSERT [dbo].[OrderDetails] ([OrderDetailID], [OrderID], [ProductID], [Quantity]) VALUES (48, 10264, 2, 35)
INSERT [dbo].[OrderDetails] ([OrderDetailID], [OrderID], [ProductID], [Quantity]) VALUES (49, 10264, 41, 25)
INSERT [dbo].[OrderDetails] ([OrderDetailID], [OrderID], [ProductID], [Quantity]) VALUES (50, 10265, 17, 30)
INSERT [dbo].[OrderDetails] ([OrderDetailID], [OrderID], [ProductID], [Quantity]) VALUES (51, 10265, 70, 20)
INSERT [dbo].[OrderDetails] ([OrderDetailID], [OrderID], [ProductID], [Quantity]) VALUES (52, 10266, 12, 12)
INSERT [dbo].[OrderDetails] ([OrderDetailID], [OrderID], [ProductID], [Quantity]) VALUES (53, 10267, 40, 50)
INSERT [dbo].[OrderDetails] ([OrderDetailID], [OrderID], [ProductID], [Quantity]) VALUES (54, 10267, 59, 70)
INSERT [dbo].[OrderDetails] ([OrderDetailID], [OrderID], [ProductID], [Quantity]) VALUES (55, 10267, 76, 15)
INSERT [dbo].[OrderDetails] ([OrderDetailID], [OrderID], [ProductID], [Quantity]) VALUES (56, 10268, 29, 10)
INSERT [dbo].[OrderDetails] ([OrderDetailID], [OrderID], [ProductID], [Quantity]) VALUES (57, 10268, 72, 4)
INSERT [dbo].[OrderDetails] ([OrderDetailID], [OrderID], [ProductID], [Quantity]) VALUES (58, 10269, 33, 60)
INSERT [dbo].[OrderDetails] ([OrderDetailID], [OrderID], [ProductID], [Quantity]) VALUES (59, 10269, 72, 20)
INSERT [dbo].[OrderDetails] ([OrderDetailID], [OrderID], [ProductID], [Quantity]) VALUES (60, 10270, 36, 30)
INSERT [dbo].[OrderDetails] ([OrderDetailID], [OrderID], [ProductID], [Quantity]) VALUES (61, 10270, 43, 25)
INSERT [dbo].[OrderDetails] ([OrderDetailID], [OrderID], [ProductID], [Quantity]) VALUES (62, 10271, 33, 24)
INSERT [dbo].[OrderDetails] ([OrderDetailID], [OrderID], [ProductID], [Quantity]) VALUES (63, 10272, 20, 6)
INSERT [dbo].[OrderDetails] ([OrderDetailID], [OrderID], [ProductID], [Quantity]) VALUES (64, 10272, 31, 40)
INSERT [dbo].[OrderDetails] ([OrderDetailID], [OrderID], [ProductID], [Quantity]) VALUES (65, 10272, 72, 24)
INSERT [dbo].[OrderDetails] ([OrderDetailID], [OrderID], [ProductID], [Quantity]) VALUES (66, 10273, 10, 24)
INSERT [dbo].[OrderDetails] ([OrderDetailID], [OrderID], [ProductID], [Quantity]) VALUES (67, 10273, 31, 15)
INSERT [dbo].[OrderDetails] ([OrderDetailID], [OrderID], [ProductID], [Quantity]) VALUES (68, 10273, 33, 20)
INSERT [dbo].[OrderDetails] ([OrderDetailID], [OrderID], [ProductID], [Quantity]) VALUES (69, 10273, 40, 60)
INSERT [dbo].[OrderDetails] ([OrderDetailID], [OrderID], [ProductID], [Quantity]) VALUES (70, 10273, 76, 33)
INSERT [dbo].[OrderDetails] ([OrderDetailID], [OrderID], [ProductID], [Quantity]) VALUES (71, 10274, 71, 20)
INSERT [dbo].[OrderDetails] ([OrderDetailID], [OrderID], [ProductID], [Quantity]) VALUES (72, 10274, 72, 7)
INSERT [dbo].[OrderDetails] ([OrderDetailID], [OrderID], [ProductID], [Quantity]) VALUES (73, 10275, 24, 12)
INSERT [dbo].[OrderDetails] ([OrderDetailID], [OrderID], [ProductID], [Quantity]) VALUES (74, 10275, 59, 6)
INSERT [dbo].[OrderDetails] ([OrderDetailID], [OrderID], [ProductID], [Quantity]) VALUES (75, 10276, 10, 15)
INSERT [dbo].[OrderDetails] ([OrderDetailID], [OrderID], [ProductID], [Quantity]) VALUES (76, 10276, 13, 10)
INSERT [dbo].[OrderDetails] ([OrderDetailID], [OrderID], [ProductID], [Quantity]) VALUES (77, 10277, 28, 20)
INSERT [dbo].[OrderDetails] ([OrderDetailID], [OrderID], [ProductID], [Quantity]) VALUES (78, 10277, 62, 12)
INSERT [dbo].[OrderDetails] ([OrderDetailID], [OrderID], [ProductID], [Quantity]) VALUES (79, 10278, 44, 16)
INSERT [dbo].[OrderDetails] ([OrderDetailID], [OrderID], [ProductID], [Quantity]) VALUES (80, 10278, 59, 15)
INSERT [dbo].[OrderDetails] ([OrderDetailID], [OrderID], [ProductID], [Quantity]) VALUES (81, 10278, 63, 8)
INSERT [dbo].[OrderDetails] ([OrderDetailID], [OrderID], [ProductID], [Quantity]) VALUES (82, 10278, 73, 25)
INSERT [dbo].[OrderDetails] ([OrderDetailID], [OrderID], [ProductID], [Quantity]) VALUES (83, 10279, 17, 15)
INSERT [dbo].[OrderDetails] ([OrderDetailID], [OrderID], [ProductID], [Quantity]) VALUES (84, 10280, 24, 12)
INSERT [dbo].[OrderDetails] ([OrderDetailID], [OrderID], [ProductID], [Quantity]) VALUES (85, 10280, 55, 20)
INSERT [dbo].[OrderDetails] ([OrderDetailID], [OrderID], [ProductID], [Quantity]) VALUES (86, 10280, 75, 30)
INSERT [dbo].[OrderDetails] ([OrderDetailID], [OrderID], [ProductID], [Quantity]) VALUES (87, 10281, 19, 1)
INSERT [dbo].[OrderDetails] ([OrderDetailID], [OrderID], [ProductID], [Quantity]) VALUES (88, 10281, 24, 6)
INSERT [dbo].[OrderDetails] ([OrderDetailID], [OrderID], [ProductID], [Quantity]) VALUES (89, 10281, 35, 4)
INSERT [dbo].[OrderDetails] ([OrderDetailID], [OrderID], [ProductID], [Quantity]) VALUES (90, 10282, 30, 6)
INSERT [dbo].[OrderDetails] ([OrderDetailID], [OrderID], [ProductID], [Quantity]) VALUES (91, 10282, 57, 2)
INSERT [dbo].[OrderDetails] ([OrderDetailID], [OrderID], [ProductID], [Quantity]) VALUES (92, 10283, 15, 20)
INSERT [dbo].[OrderDetails] ([OrderDetailID], [OrderID], [ProductID], [Quantity]) VALUES (93, 10283, 19, 18)
INSERT [dbo].[OrderDetails] ([OrderDetailID], [OrderID], [ProductID], [Quantity]) VALUES (94, 10283, 60, 35)
INSERT [dbo].[OrderDetails] ([OrderDetailID], [OrderID], [ProductID], [Quantity]) VALUES (95, 10283, 72, 3)
INSERT [dbo].[OrderDetails] ([OrderDetailID], [OrderID], [ProductID], [Quantity]) VALUES (96, 10284, 27, 15)
INSERT [dbo].[OrderDetails] ([OrderDetailID], [OrderID], [ProductID], [Quantity]) VALUES (97, 10284, 44, 21)
INSERT [dbo].[OrderDetails] ([OrderDetailID], [OrderID], [ProductID], [Quantity]) VALUES (98, 10284, 60, 20)
INSERT [dbo].[OrderDetails] ([OrderDetailID], [OrderID], [ProductID], [Quantity]) VALUES (99, 10284, 67, 5)
INSERT [dbo].[OrderDetails] ([OrderDetailID], [OrderID], [ProductID], [Quantity]) VALUES (100, 10285, 1, 45)
GO
INSERT [dbo].[OrderDetails] ([OrderDetailID], [OrderID], [ProductID], [Quantity]) VALUES (101, 10285, 40, 40)
INSERT [dbo].[OrderDetails] ([OrderDetailID], [OrderID], [ProductID], [Quantity]) VALUES (102, 10285, 53, 36)
INSERT [dbo].[OrderDetails] ([OrderDetailID], [OrderID], [ProductID], [Quantity]) VALUES (103, 10286, 35, 100)
INSERT [dbo].[OrderDetails] ([OrderDetailID], [OrderID], [ProductID], [Quantity]) VALUES (104, 10286, 62, 40)
INSERT [dbo].[OrderDetails] ([OrderDetailID], [OrderID], [ProductID], [Quantity]) VALUES (105, 10287, 16, 40)
INSERT [dbo].[OrderDetails] ([OrderDetailID], [OrderID], [ProductID], [Quantity]) VALUES (106, 10287, 34, 20)
INSERT [dbo].[OrderDetails] ([OrderDetailID], [OrderID], [ProductID], [Quantity]) VALUES (107, 10287, 46, 15)
INSERT [dbo].[OrderDetails] ([OrderDetailID], [OrderID], [ProductID], [Quantity]) VALUES (108, 10288, 54, 10)
INSERT [dbo].[OrderDetails] ([OrderDetailID], [OrderID], [ProductID], [Quantity]) VALUES (109, 10288, 68, 3)
INSERT [dbo].[OrderDetails] ([OrderDetailID], [OrderID], [ProductID], [Quantity]) VALUES (110, 10289, 3, 30)
INSERT [dbo].[OrderDetails] ([OrderDetailID], [OrderID], [ProductID], [Quantity]) VALUES (111, 10289, 64, 9)
INSERT [dbo].[OrderDetails] ([OrderDetailID], [OrderID], [ProductID], [Quantity]) VALUES (112, 10290, 5, 20)
INSERT [dbo].[OrderDetails] ([OrderDetailID], [OrderID], [ProductID], [Quantity]) VALUES (113, 10290, 29, 15)
INSERT [dbo].[OrderDetails] ([OrderDetailID], [OrderID], [ProductID], [Quantity]) VALUES (114, 10290, 49, 15)
INSERT [dbo].[OrderDetails] ([OrderDetailID], [OrderID], [ProductID], [Quantity]) VALUES (115, 10290, 77, 10)
INSERT [dbo].[OrderDetails] ([OrderDetailID], [OrderID], [ProductID], [Quantity]) VALUES (116, 10291, 13, 20)
INSERT [dbo].[OrderDetails] ([OrderDetailID], [OrderID], [ProductID], [Quantity]) VALUES (117, 10291, 44, 24)
INSERT [dbo].[OrderDetails] ([OrderDetailID], [OrderID], [ProductID], [Quantity]) VALUES (118, 10291, 51, 2)
INSERT [dbo].[OrderDetails] ([OrderDetailID], [OrderID], [ProductID], [Quantity]) VALUES (119, 10292, 20, 20)
INSERT [dbo].[OrderDetails] ([OrderDetailID], [OrderID], [ProductID], [Quantity]) VALUES (120, 10293, 18, 12)
INSERT [dbo].[OrderDetails] ([OrderDetailID], [OrderID], [ProductID], [Quantity]) VALUES (121, 10293, 24, 10)
INSERT [dbo].[OrderDetails] ([OrderDetailID], [OrderID], [ProductID], [Quantity]) VALUES (122, 10293, 63, 5)
INSERT [dbo].[OrderDetails] ([OrderDetailID], [OrderID], [ProductID], [Quantity]) VALUES (123, 10293, 75, 6)
INSERT [dbo].[OrderDetails] ([OrderDetailID], [OrderID], [ProductID], [Quantity]) VALUES (124, 10294, 1, 18)
INSERT [dbo].[OrderDetails] ([OrderDetailID], [OrderID], [ProductID], [Quantity]) VALUES (125, 10294, 17, 15)
INSERT [dbo].[OrderDetails] ([OrderDetailID], [OrderID], [ProductID], [Quantity]) VALUES (126, 10294, 43, 15)
INSERT [dbo].[OrderDetails] ([OrderDetailID], [OrderID], [ProductID], [Quantity]) VALUES (127, 10294, 60, 21)
INSERT [dbo].[OrderDetails] ([OrderDetailID], [OrderID], [ProductID], [Quantity]) VALUES (128, 10294, 75, 6)
INSERT [dbo].[OrderDetails] ([OrderDetailID], [OrderID], [ProductID], [Quantity]) VALUES (129, 10295, 56, 4)
INSERT [dbo].[OrderDetails] ([OrderDetailID], [OrderID], [ProductID], [Quantity]) VALUES (130, 10296, 11, 12)
INSERT [dbo].[OrderDetails] ([OrderDetailID], [OrderID], [ProductID], [Quantity]) VALUES (131, 10296, 16, 30)
INSERT [dbo].[OrderDetails] ([OrderDetailID], [OrderID], [ProductID], [Quantity]) VALUES (132, 10296, 69, 15)
INSERT [dbo].[OrderDetails] ([OrderDetailID], [OrderID], [ProductID], [Quantity]) VALUES (133, 10297, 39, 60)
INSERT [dbo].[OrderDetails] ([OrderDetailID], [OrderID], [ProductID], [Quantity]) VALUES (134, 10297, 72, 20)
INSERT [dbo].[OrderDetails] ([OrderDetailID], [OrderID], [ProductID], [Quantity]) VALUES (135, 10298, 2, 40)
INSERT [dbo].[OrderDetails] ([OrderDetailID], [OrderID], [ProductID], [Quantity]) VALUES (136, 10298, 36, 40)
INSERT [dbo].[OrderDetails] ([OrderDetailID], [OrderID], [ProductID], [Quantity]) VALUES (137, 10298, 59, 30)
INSERT [dbo].[OrderDetails] ([OrderDetailID], [OrderID], [ProductID], [Quantity]) VALUES (138, 10298, 62, 15)
INSERT [dbo].[OrderDetails] ([OrderDetailID], [OrderID], [ProductID], [Quantity]) VALUES (139, 10299, 19, 15)
INSERT [dbo].[OrderDetails] ([OrderDetailID], [OrderID], [ProductID], [Quantity]) VALUES (140, 10299, 70, 20)
INSERT [dbo].[OrderDetails] ([OrderDetailID], [OrderID], [ProductID], [Quantity]) VALUES (141, 10300, 66, 30)
INSERT [dbo].[OrderDetails] ([OrderDetailID], [OrderID], [ProductID], [Quantity]) VALUES (142, 10300, 68, 20)
INSERT [dbo].[OrderDetails] ([OrderDetailID], [OrderID], [ProductID], [Quantity]) VALUES (143, 10301, 40, 10)
INSERT [dbo].[OrderDetails] ([OrderDetailID], [OrderID], [ProductID], [Quantity]) VALUES (144, 10301, 56, 20)
INSERT [dbo].[OrderDetails] ([OrderDetailID], [OrderID], [ProductID], [Quantity]) VALUES (145, 10302, 17, 40)
INSERT [dbo].[OrderDetails] ([OrderDetailID], [OrderID], [ProductID], [Quantity]) VALUES (146, 10302, 28, 28)
INSERT [dbo].[OrderDetails] ([OrderDetailID], [OrderID], [ProductID], [Quantity]) VALUES (147, 10302, 43, 12)
INSERT [dbo].[OrderDetails] ([OrderDetailID], [OrderID], [ProductID], [Quantity]) VALUES (148, 10303, 40, 40)
INSERT [dbo].[OrderDetails] ([OrderDetailID], [OrderID], [ProductID], [Quantity]) VALUES (149, 10303, 65, 30)
INSERT [dbo].[OrderDetails] ([OrderDetailID], [OrderID], [ProductID], [Quantity]) VALUES (150, 10303, 68, 15)
INSERT [dbo].[OrderDetails] ([OrderDetailID], [OrderID], [ProductID], [Quantity]) VALUES (151, 10304, 49, 30)
INSERT [dbo].[OrderDetails] ([OrderDetailID], [OrderID], [ProductID], [Quantity]) VALUES (152, 10304, 59, 10)
INSERT [dbo].[OrderDetails] ([OrderDetailID], [OrderID], [ProductID], [Quantity]) VALUES (153, 10304, 71, 2)
INSERT [dbo].[OrderDetails] ([OrderDetailID], [OrderID], [ProductID], [Quantity]) VALUES (154, 10305, 18, 25)
INSERT [dbo].[OrderDetails] ([OrderDetailID], [OrderID], [ProductID], [Quantity]) VALUES (155, 10305, 29, 25)
INSERT [dbo].[OrderDetails] ([OrderDetailID], [OrderID], [ProductID], [Quantity]) VALUES (156, 10305, 39, 30)
INSERT [dbo].[OrderDetails] ([OrderDetailID], [OrderID], [ProductID], [Quantity]) VALUES (157, 10306, 30, 10)
INSERT [dbo].[OrderDetails] ([OrderDetailID], [OrderID], [ProductID], [Quantity]) VALUES (158, 10306, 53, 10)
INSERT [dbo].[OrderDetails] ([OrderDetailID], [OrderID], [ProductID], [Quantity]) VALUES (159, 10306, 54, 5)
INSERT [dbo].[OrderDetails] ([OrderDetailID], [OrderID], [ProductID], [Quantity]) VALUES (160, 10307, 62, 10)
INSERT [dbo].[OrderDetails] ([OrderDetailID], [OrderID], [ProductID], [Quantity]) VALUES (161, 10307, 68, 3)
INSERT [dbo].[OrderDetails] ([OrderDetailID], [OrderID], [ProductID], [Quantity]) VALUES (162, 10308, 69, 1)
INSERT [dbo].[OrderDetails] ([OrderDetailID], [OrderID], [ProductID], [Quantity]) VALUES (163, 10308, 70, 5)
INSERT [dbo].[OrderDetails] ([OrderDetailID], [OrderID], [ProductID], [Quantity]) VALUES (164, 10309, 4, 20)
INSERT [dbo].[OrderDetails] ([OrderDetailID], [OrderID], [ProductID], [Quantity]) VALUES (165, 10309, 6, 30)
INSERT [dbo].[OrderDetails] ([OrderDetailID], [OrderID], [ProductID], [Quantity]) VALUES (166, 10309, 42, 2)
INSERT [dbo].[OrderDetails] ([OrderDetailID], [OrderID], [ProductID], [Quantity]) VALUES (167, 10309, 43, 20)
INSERT [dbo].[OrderDetails] ([OrderDetailID], [OrderID], [ProductID], [Quantity]) VALUES (168, 10309, 71, 3)
INSERT [dbo].[OrderDetails] ([OrderDetailID], [OrderID], [ProductID], [Quantity]) VALUES (169, 10310, 16, 10)
INSERT [dbo].[OrderDetails] ([OrderDetailID], [OrderID], [ProductID], [Quantity]) VALUES (170, 10310, 62, 5)
INSERT [dbo].[OrderDetails] ([OrderDetailID], [OrderID], [ProductID], [Quantity]) VALUES (171, 10311, 42, 6)
INSERT [dbo].[OrderDetails] ([OrderDetailID], [OrderID], [ProductID], [Quantity]) VALUES (172, 10311, 69, 7)
INSERT [dbo].[OrderDetails] ([OrderDetailID], [OrderID], [ProductID], [Quantity]) VALUES (173, 10312, 28, 4)
INSERT [dbo].[OrderDetails] ([OrderDetailID], [OrderID], [ProductID], [Quantity]) VALUES (174, 10312, 43, 24)
INSERT [dbo].[OrderDetails] ([OrderDetailID], [OrderID], [ProductID], [Quantity]) VALUES (175, 10312, 53, 20)
INSERT [dbo].[OrderDetails] ([OrderDetailID], [OrderID], [ProductID], [Quantity]) VALUES (176, 10312, 75, 10)
INSERT [dbo].[OrderDetails] ([OrderDetailID], [OrderID], [ProductID], [Quantity]) VALUES (177, 10313, 36, 12)
INSERT [dbo].[OrderDetails] ([OrderDetailID], [OrderID], [ProductID], [Quantity]) VALUES (178, 10314, 32, 40)
INSERT [dbo].[OrderDetails] ([OrderDetailID], [OrderID], [ProductID], [Quantity]) VALUES (179, 10314, 58, 30)
INSERT [dbo].[OrderDetails] ([OrderDetailID], [OrderID], [ProductID], [Quantity]) VALUES (180, 10314, 62, 25)
INSERT [dbo].[OrderDetails] ([OrderDetailID], [OrderID], [ProductID], [Quantity]) VALUES (181, 10315, 34, 14)
INSERT [dbo].[OrderDetails] ([OrderDetailID], [OrderID], [ProductID], [Quantity]) VALUES (182, 10315, 70, 30)
INSERT [dbo].[OrderDetails] ([OrderDetailID], [OrderID], [ProductID], [Quantity]) VALUES (183, 10316, 41, 10)
INSERT [dbo].[OrderDetails] ([OrderDetailID], [OrderID], [ProductID], [Quantity]) VALUES (184, 10316, 62, 70)
INSERT [dbo].[OrderDetails] ([OrderDetailID], [OrderID], [ProductID], [Quantity]) VALUES (185, 10317, 1, 20)
INSERT [dbo].[OrderDetails] ([OrderDetailID], [OrderID], [ProductID], [Quantity]) VALUES (186, 10318, 41, 20)
INSERT [dbo].[OrderDetails] ([OrderDetailID], [OrderID], [ProductID], [Quantity]) VALUES (187, 10318, 76, 6)
INSERT [dbo].[OrderDetails] ([OrderDetailID], [OrderID], [ProductID], [Quantity]) VALUES (188, 10319, 17, 8)
INSERT [dbo].[OrderDetails] ([OrderDetailID], [OrderID], [ProductID], [Quantity]) VALUES (189, 10319, 28, 14)
INSERT [dbo].[OrderDetails] ([OrderDetailID], [OrderID], [ProductID], [Quantity]) VALUES (190, 10319, 76, 30)
INSERT [dbo].[OrderDetails] ([OrderDetailID], [OrderID], [ProductID], [Quantity]) VALUES (191, 10320, 71, 30)
INSERT [dbo].[OrderDetails] ([OrderDetailID], [OrderID], [ProductID], [Quantity]) VALUES (192, 10321, 35, 10)
INSERT [dbo].[OrderDetails] ([OrderDetailID], [OrderID], [ProductID], [Quantity]) VALUES (193, 10322, 52, 20)
INSERT [dbo].[OrderDetails] ([OrderDetailID], [OrderID], [ProductID], [Quantity]) VALUES (194, 10323, 15, 5)
INSERT [dbo].[OrderDetails] ([OrderDetailID], [OrderID], [ProductID], [Quantity]) VALUES (195, 10323, 25, 4)
INSERT [dbo].[OrderDetails] ([OrderDetailID], [OrderID], [ProductID], [Quantity]) VALUES (196, 10323, 39, 4)
INSERT [dbo].[OrderDetails] ([OrderDetailID], [OrderID], [ProductID], [Quantity]) VALUES (197, 10324, 16, 21)
INSERT [dbo].[OrderDetails] ([OrderDetailID], [OrderID], [ProductID], [Quantity]) VALUES (198, 10324, 35, 70)
INSERT [dbo].[OrderDetails] ([OrderDetailID], [OrderID], [ProductID], [Quantity]) VALUES (199, 10324, 46, 30)
INSERT [dbo].[OrderDetails] ([OrderDetailID], [OrderID], [ProductID], [Quantity]) VALUES (200, 10324, 59, 40)
GO
INSERT [dbo].[OrderDetails] ([OrderDetailID], [OrderID], [ProductID], [Quantity]) VALUES (201, 10324, 63, 80)
INSERT [dbo].[OrderDetails] ([OrderDetailID], [OrderID], [ProductID], [Quantity]) VALUES (202, 10325, 6, 6)
INSERT [dbo].[OrderDetails] ([OrderDetailID], [OrderID], [ProductID], [Quantity]) VALUES (203, 10325, 13, 12)
INSERT [dbo].[OrderDetails] ([OrderDetailID], [OrderID], [ProductID], [Quantity]) VALUES (204, 10325, 14, 9)
INSERT [dbo].[OrderDetails] ([OrderDetailID], [OrderID], [ProductID], [Quantity]) VALUES (205, 10325, 31, 4)
INSERT [dbo].[OrderDetails] ([OrderDetailID], [OrderID], [ProductID], [Quantity]) VALUES (206, 10325, 72, 40)
INSERT [dbo].[OrderDetails] ([OrderDetailID], [OrderID], [ProductID], [Quantity]) VALUES (207, 10326, 4, 24)
INSERT [dbo].[OrderDetails] ([OrderDetailID], [OrderID], [ProductID], [Quantity]) VALUES (208, 10326, 57, 16)
INSERT [dbo].[OrderDetails] ([OrderDetailID], [OrderID], [ProductID], [Quantity]) VALUES (209, 10326, 75, 50)
INSERT [dbo].[OrderDetails] ([OrderDetailID], [OrderID], [ProductID], [Quantity]) VALUES (210, 10327, 2, 25)
INSERT [dbo].[OrderDetails] ([OrderDetailID], [OrderID], [ProductID], [Quantity]) VALUES (211, 10327, 11, 50)
INSERT [dbo].[OrderDetails] ([OrderDetailID], [OrderID], [ProductID], [Quantity]) VALUES (212, 10327, 30, 35)
INSERT [dbo].[OrderDetails] ([OrderDetailID], [OrderID], [ProductID], [Quantity]) VALUES (213, 10327, 58, 30)
INSERT [dbo].[OrderDetails] ([OrderDetailID], [OrderID], [ProductID], [Quantity]) VALUES (214, 10328, 59, 9)
INSERT [dbo].[OrderDetails] ([OrderDetailID], [OrderID], [ProductID], [Quantity]) VALUES (215, 10328, 65, 40)
INSERT [dbo].[OrderDetails] ([OrderDetailID], [OrderID], [ProductID], [Quantity]) VALUES (216, 10328, 68, 10)
INSERT [dbo].[OrderDetails] ([OrderDetailID], [OrderID], [ProductID], [Quantity]) VALUES (217, 10329, 19, 10)
INSERT [dbo].[OrderDetails] ([OrderDetailID], [OrderID], [ProductID], [Quantity]) VALUES (218, 10329, 30, 8)
INSERT [dbo].[OrderDetails] ([OrderDetailID], [OrderID], [ProductID], [Quantity]) VALUES (219, 10329, 38, 20)
INSERT [dbo].[OrderDetails] ([OrderDetailID], [OrderID], [ProductID], [Quantity]) VALUES (220, 10329, 56, 12)
INSERT [dbo].[OrderDetails] ([OrderDetailID], [OrderID], [ProductID], [Quantity]) VALUES (221, 10330, 26, 50)
INSERT [dbo].[OrderDetails] ([OrderDetailID], [OrderID], [ProductID], [Quantity]) VALUES (222, 10330, 72, 25)
INSERT [dbo].[OrderDetails] ([OrderDetailID], [OrderID], [ProductID], [Quantity]) VALUES (223, 10331, 54, 15)
INSERT [dbo].[OrderDetails] ([OrderDetailID], [OrderID], [ProductID], [Quantity]) VALUES (224, 10332, 18, 40)
INSERT [dbo].[OrderDetails] ([OrderDetailID], [OrderID], [ProductID], [Quantity]) VALUES (225, 10332, 42, 10)
INSERT [dbo].[OrderDetails] ([OrderDetailID], [OrderID], [ProductID], [Quantity]) VALUES (226, 10332, 47, 16)
INSERT [dbo].[OrderDetails] ([OrderDetailID], [OrderID], [ProductID], [Quantity]) VALUES (227, 10333, 14, 10)
INSERT [dbo].[OrderDetails] ([OrderDetailID], [OrderID], [ProductID], [Quantity]) VALUES (228, 10333, 21, 10)
INSERT [dbo].[OrderDetails] ([OrderDetailID], [OrderID], [ProductID], [Quantity]) VALUES (229, 10333, 71, 40)
INSERT [dbo].[OrderDetails] ([OrderDetailID], [OrderID], [ProductID], [Quantity]) VALUES (230, 10334, 52, 8)
INSERT [dbo].[OrderDetails] ([OrderDetailID], [OrderID], [ProductID], [Quantity]) VALUES (231, 10334, 68, 10)
INSERT [dbo].[OrderDetails] ([OrderDetailID], [OrderID], [ProductID], [Quantity]) VALUES (232, 10335, 2, 7)
INSERT [dbo].[OrderDetails] ([OrderDetailID], [OrderID], [ProductID], [Quantity]) VALUES (233, 10335, 31, 25)
INSERT [dbo].[OrderDetails] ([OrderDetailID], [OrderID], [ProductID], [Quantity]) VALUES (234, 10335, 32, 6)
INSERT [dbo].[OrderDetails] ([OrderDetailID], [OrderID], [ProductID], [Quantity]) VALUES (235, 10335, 51, 48)
INSERT [dbo].[OrderDetails] ([OrderDetailID], [OrderID], [ProductID], [Quantity]) VALUES (236, 10336, 4, 18)
INSERT [dbo].[OrderDetails] ([OrderDetailID], [OrderID], [ProductID], [Quantity]) VALUES (237, 10337, 23, 40)
INSERT [dbo].[OrderDetails] ([OrderDetailID], [OrderID], [ProductID], [Quantity]) VALUES (238, 10337, 26, 24)
INSERT [dbo].[OrderDetails] ([OrderDetailID], [OrderID], [ProductID], [Quantity]) VALUES (239, 10337, 36, 20)
INSERT [dbo].[OrderDetails] ([OrderDetailID], [OrderID], [ProductID], [Quantity]) VALUES (240, 10337, 37, 28)
INSERT [dbo].[OrderDetails] ([OrderDetailID], [OrderID], [ProductID], [Quantity]) VALUES (241, 10337, 72, 25)
INSERT [dbo].[OrderDetails] ([OrderDetailID], [OrderID], [ProductID], [Quantity]) VALUES (242, 10338, 17, 20)
INSERT [dbo].[OrderDetails] ([OrderDetailID], [OrderID], [ProductID], [Quantity]) VALUES (243, 10338, 30, 15)
INSERT [dbo].[OrderDetails] ([OrderDetailID], [OrderID], [ProductID], [Quantity]) VALUES (244, 10339, 4, 10)
INSERT [dbo].[OrderDetails] ([OrderDetailID], [OrderID], [ProductID], [Quantity]) VALUES (245, 10339, 17, 70)
INSERT [dbo].[OrderDetails] ([OrderDetailID], [OrderID], [ProductID], [Quantity]) VALUES (246, 10339, 62, 28)
INSERT [dbo].[OrderDetails] ([OrderDetailID], [OrderID], [ProductID], [Quantity]) VALUES (247, 10340, 18, 20)
INSERT [dbo].[OrderDetails] ([OrderDetailID], [OrderID], [ProductID], [Quantity]) VALUES (248, 10340, 41, 12)
INSERT [dbo].[OrderDetails] ([OrderDetailID], [OrderID], [ProductID], [Quantity]) VALUES (249, 10340, 43, 40)
INSERT [dbo].[OrderDetails] ([OrderDetailID], [OrderID], [ProductID], [Quantity]) VALUES (250, 10341, 33, 8)
INSERT [dbo].[OrderDetails] ([OrderDetailID], [OrderID], [ProductID], [Quantity]) VALUES (251, 10341, 59, 9)
INSERT [dbo].[OrderDetails] ([OrderDetailID], [OrderID], [ProductID], [Quantity]) VALUES (252, 10342, 2, 24)
INSERT [dbo].[OrderDetails] ([OrderDetailID], [OrderID], [ProductID], [Quantity]) VALUES (253, 10342, 31, 56)
INSERT [dbo].[OrderDetails] ([OrderDetailID], [OrderID], [ProductID], [Quantity]) VALUES (254, 10342, 36, 40)
INSERT [dbo].[OrderDetails] ([OrderDetailID], [OrderID], [ProductID], [Quantity]) VALUES (255, 10342, 55, 40)
INSERT [dbo].[OrderDetails] ([OrderDetailID], [OrderID], [ProductID], [Quantity]) VALUES (256, 10343, 64, 50)
INSERT [dbo].[OrderDetails] ([OrderDetailID], [OrderID], [ProductID], [Quantity]) VALUES (257, 10343, 68, 4)
INSERT [dbo].[OrderDetails] ([OrderDetailID], [OrderID], [ProductID], [Quantity]) VALUES (258, 10343, 76, 15)
INSERT [dbo].[OrderDetails] ([OrderDetailID], [OrderID], [ProductID], [Quantity]) VALUES (259, 10344, 4, 35)
INSERT [dbo].[OrderDetails] ([OrderDetailID], [OrderID], [ProductID], [Quantity]) VALUES (260, 10344, 8, 70)
INSERT [dbo].[OrderDetails] ([OrderDetailID], [OrderID], [ProductID], [Quantity]) VALUES (261, 10345, 8, 70)
INSERT [dbo].[OrderDetails] ([OrderDetailID], [OrderID], [ProductID], [Quantity]) VALUES (262, 10345, 19, 80)
INSERT [dbo].[OrderDetails] ([OrderDetailID], [OrderID], [ProductID], [Quantity]) VALUES (263, 10345, 42, 9)
INSERT [dbo].[OrderDetails] ([OrderDetailID], [OrderID], [ProductID], [Quantity]) VALUES (264, 10346, 17, 36)
INSERT [dbo].[OrderDetails] ([OrderDetailID], [OrderID], [ProductID], [Quantity]) VALUES (265, 10346, 56, 20)
INSERT [dbo].[OrderDetails] ([OrderDetailID], [OrderID], [ProductID], [Quantity]) VALUES (266, 10347, 25, 10)
INSERT [dbo].[OrderDetails] ([OrderDetailID], [OrderID], [ProductID], [Quantity]) VALUES (267, 10347, 39, 50)
INSERT [dbo].[OrderDetails] ([OrderDetailID], [OrderID], [ProductID], [Quantity]) VALUES (268, 10347, 40, 4)
INSERT [dbo].[OrderDetails] ([OrderDetailID], [OrderID], [ProductID], [Quantity]) VALUES (269, 10347, 75, 6)
INSERT [dbo].[OrderDetails] ([OrderDetailID], [OrderID], [ProductID], [Quantity]) VALUES (270, 10348, 1, 15)
INSERT [dbo].[OrderDetails] ([OrderDetailID], [OrderID], [ProductID], [Quantity]) VALUES (271, 10348, 23, 25)
INSERT [dbo].[OrderDetails] ([OrderDetailID], [OrderID], [ProductID], [Quantity]) VALUES (272, 10349, 54, 24)
INSERT [dbo].[OrderDetails] ([OrderDetailID], [OrderID], [ProductID], [Quantity]) VALUES (273, 10350, 50, 15)
INSERT [dbo].[OrderDetails] ([OrderDetailID], [OrderID], [ProductID], [Quantity]) VALUES (274, 10350, 69, 18)
INSERT [dbo].[OrderDetails] ([OrderDetailID], [OrderID], [ProductID], [Quantity]) VALUES (275, 10351, 38, 20)
INSERT [dbo].[OrderDetails] ([OrderDetailID], [OrderID], [ProductID], [Quantity]) VALUES (276, 10351, 41, 13)
INSERT [dbo].[OrderDetails] ([OrderDetailID], [OrderID], [ProductID], [Quantity]) VALUES (277, 10351, 44, 77)
INSERT [dbo].[OrderDetails] ([OrderDetailID], [OrderID], [ProductID], [Quantity]) VALUES (278, 10351, 65, 10)
INSERT [dbo].[OrderDetails] ([OrderDetailID], [OrderID], [ProductID], [Quantity]) VALUES (279, 10352, 24, 10)
INSERT [dbo].[OrderDetails] ([OrderDetailID], [OrderID], [ProductID], [Quantity]) VALUES (280, 10352, 54, 20)
INSERT [dbo].[OrderDetails] ([OrderDetailID], [OrderID], [ProductID], [Quantity]) VALUES (281, 10353, 11, 12)
INSERT [dbo].[OrderDetails] ([OrderDetailID], [OrderID], [ProductID], [Quantity]) VALUES (282, 10353, 38, 50)
INSERT [dbo].[OrderDetails] ([OrderDetailID], [OrderID], [ProductID], [Quantity]) VALUES (283, 10354, 1, 12)
INSERT [dbo].[OrderDetails] ([OrderDetailID], [OrderID], [ProductID], [Quantity]) VALUES (284, 10354, 29, 4)
INSERT [dbo].[OrderDetails] ([OrderDetailID], [OrderID], [ProductID], [Quantity]) VALUES (285, 10355, 24, 25)
INSERT [dbo].[OrderDetails] ([OrderDetailID], [OrderID], [ProductID], [Quantity]) VALUES (286, 10355, 57, 25)
INSERT [dbo].[OrderDetails] ([OrderDetailID], [OrderID], [ProductID], [Quantity]) VALUES (287, 10356, 31, 30)
INSERT [dbo].[OrderDetails] ([OrderDetailID], [OrderID], [ProductID], [Quantity]) VALUES (288, 10356, 55, 12)
INSERT [dbo].[OrderDetails] ([OrderDetailID], [OrderID], [ProductID], [Quantity]) VALUES (289, 10356, 69, 20)
INSERT [dbo].[OrderDetails] ([OrderDetailID], [OrderID], [ProductID], [Quantity]) VALUES (290, 10357, 10, 30)
INSERT [dbo].[OrderDetails] ([OrderDetailID], [OrderID], [ProductID], [Quantity]) VALUES (291, 10357, 26, 16)
INSERT [dbo].[OrderDetails] ([OrderDetailID], [OrderID], [ProductID], [Quantity]) VALUES (292, 10357, 60, 8)
INSERT [dbo].[OrderDetails] ([OrderDetailID], [OrderID], [ProductID], [Quantity]) VALUES (293, 10358, 24, 10)
INSERT [dbo].[OrderDetails] ([OrderDetailID], [OrderID], [ProductID], [Quantity]) VALUES (294, 10358, 34, 10)
INSERT [dbo].[OrderDetails] ([OrderDetailID], [OrderID], [ProductID], [Quantity]) VALUES (295, 10358, 36, 20)
INSERT [dbo].[OrderDetails] ([OrderDetailID], [OrderID], [ProductID], [Quantity]) VALUES (296, 10359, 16, 56)
INSERT [dbo].[OrderDetails] ([OrderDetailID], [OrderID], [ProductID], [Quantity]) VALUES (297, 10359, 31, 70)
INSERT [dbo].[OrderDetails] ([OrderDetailID], [OrderID], [ProductID], [Quantity]) VALUES (298, 10359, 60, 80)
INSERT [dbo].[OrderDetails] ([OrderDetailID], [OrderID], [ProductID], [Quantity]) VALUES (299, 10360, 28, 30)
INSERT [dbo].[OrderDetails] ([OrderDetailID], [OrderID], [ProductID], [Quantity]) VALUES (300, 10360, 29, 35)
GO
INSERT [dbo].[OrderDetails] ([OrderDetailID], [OrderID], [ProductID], [Quantity]) VALUES (301, 10360, 38, 10)
INSERT [dbo].[OrderDetails] ([OrderDetailID], [OrderID], [ProductID], [Quantity]) VALUES (302, 10360, 49, 35)
INSERT [dbo].[OrderDetails] ([OrderDetailID], [OrderID], [ProductID], [Quantity]) VALUES (303, 10360, 54, 28)
INSERT [dbo].[OrderDetails] ([OrderDetailID], [OrderID], [ProductID], [Quantity]) VALUES (304, 10361, 39, 54)
INSERT [dbo].[OrderDetails] ([OrderDetailID], [OrderID], [ProductID], [Quantity]) VALUES (305, 10361, 60, 55)
INSERT [dbo].[OrderDetails] ([OrderDetailID], [OrderID], [ProductID], [Quantity]) VALUES (306, 10362, 25, 50)
INSERT [dbo].[OrderDetails] ([OrderDetailID], [OrderID], [ProductID], [Quantity]) VALUES (307, 10362, 51, 20)
INSERT [dbo].[OrderDetails] ([OrderDetailID], [OrderID], [ProductID], [Quantity]) VALUES (308, 10362, 54, 24)
INSERT [dbo].[OrderDetails] ([OrderDetailID], [OrderID], [ProductID], [Quantity]) VALUES (309, 10363, 31, 20)
INSERT [dbo].[OrderDetails] ([OrderDetailID], [OrderID], [ProductID], [Quantity]) VALUES (310, 10363, 75, 12)
INSERT [dbo].[OrderDetails] ([OrderDetailID], [OrderID], [ProductID], [Quantity]) VALUES (311, 10363, 76, 12)
INSERT [dbo].[OrderDetails] ([OrderDetailID], [OrderID], [ProductID], [Quantity]) VALUES (312, 10364, 69, 30)
INSERT [dbo].[OrderDetails] ([OrderDetailID], [OrderID], [ProductID], [Quantity]) VALUES (313, 10364, 71, 5)
INSERT [dbo].[OrderDetails] ([OrderDetailID], [OrderID], [ProductID], [Quantity]) VALUES (314, 10365, 11, 24)
INSERT [dbo].[OrderDetails] ([OrderDetailID], [OrderID], [ProductID], [Quantity]) VALUES (315, 10366, 65, 5)
INSERT [dbo].[OrderDetails] ([OrderDetailID], [OrderID], [ProductID], [Quantity]) VALUES (316, 10366, 77, 5)
INSERT [dbo].[OrderDetails] ([OrderDetailID], [OrderID], [ProductID], [Quantity]) VALUES (317, 10367, 34, 36)
INSERT [dbo].[OrderDetails] ([OrderDetailID], [OrderID], [ProductID], [Quantity]) VALUES (318, 10367, 54, 18)
INSERT [dbo].[OrderDetails] ([OrderDetailID], [OrderID], [ProductID], [Quantity]) VALUES (319, 10367, 65, 15)
INSERT [dbo].[OrderDetails] ([OrderDetailID], [OrderID], [ProductID], [Quantity]) VALUES (320, 10367, 77, 7)
INSERT [dbo].[OrderDetails] ([OrderDetailID], [OrderID], [ProductID], [Quantity]) VALUES (321, 10368, 21, 5)
INSERT [dbo].[OrderDetails] ([OrderDetailID], [OrderID], [ProductID], [Quantity]) VALUES (322, 10368, 28, 13)
INSERT [dbo].[OrderDetails] ([OrderDetailID], [OrderID], [ProductID], [Quantity]) VALUES (323, 10368, 57, 25)
INSERT [dbo].[OrderDetails] ([OrderDetailID], [OrderID], [ProductID], [Quantity]) VALUES (324, 10368, 64, 35)
INSERT [dbo].[OrderDetails] ([OrderDetailID], [OrderID], [ProductID], [Quantity]) VALUES (325, 10369, 29, 20)
INSERT [dbo].[OrderDetails] ([OrderDetailID], [OrderID], [ProductID], [Quantity]) VALUES (326, 10369, 56, 18)
INSERT [dbo].[OrderDetails] ([OrderDetailID], [OrderID], [ProductID], [Quantity]) VALUES (327, 10370, 1, 15)
INSERT [dbo].[OrderDetails] ([OrderDetailID], [OrderID], [ProductID], [Quantity]) VALUES (328, 10370, 64, 30)
INSERT [dbo].[OrderDetails] ([OrderDetailID], [OrderID], [ProductID], [Quantity]) VALUES (329, 10370, 74, 20)
INSERT [dbo].[OrderDetails] ([OrderDetailID], [OrderID], [ProductID], [Quantity]) VALUES (330, 10371, 36, 6)
INSERT [dbo].[OrderDetails] ([OrderDetailID], [OrderID], [ProductID], [Quantity]) VALUES (331, 10372, 20, 12)
INSERT [dbo].[OrderDetails] ([OrderDetailID], [OrderID], [ProductID], [Quantity]) VALUES (332, 10372, 38, 40)
INSERT [dbo].[OrderDetails] ([OrderDetailID], [OrderID], [ProductID], [Quantity]) VALUES (333, 10372, 60, 70)
INSERT [dbo].[OrderDetails] ([OrderDetailID], [OrderID], [ProductID], [Quantity]) VALUES (334, 10372, 72, 42)
INSERT [dbo].[OrderDetails] ([OrderDetailID], [OrderID], [ProductID], [Quantity]) VALUES (335, 10373, 58, 80)
INSERT [dbo].[OrderDetails] ([OrderDetailID], [OrderID], [ProductID], [Quantity]) VALUES (336, 10373, 71, 50)
INSERT [dbo].[OrderDetails] ([OrderDetailID], [OrderID], [ProductID], [Quantity]) VALUES (337, 10374, 31, 30)
INSERT [dbo].[OrderDetails] ([OrderDetailID], [OrderID], [ProductID], [Quantity]) VALUES (338, 10374, 58, 15)
INSERT [dbo].[OrderDetails] ([OrderDetailID], [OrderID], [ProductID], [Quantity]) VALUES (339, 10375, 14, 15)
INSERT [dbo].[OrderDetails] ([OrderDetailID], [OrderID], [ProductID], [Quantity]) VALUES (340, 10375, 54, 10)
INSERT [dbo].[OrderDetails] ([OrderDetailID], [OrderID], [ProductID], [Quantity]) VALUES (341, 10376, 31, 42)
INSERT [dbo].[OrderDetails] ([OrderDetailID], [OrderID], [ProductID], [Quantity]) VALUES (342, 10377, 28, 20)
INSERT [dbo].[OrderDetails] ([OrderDetailID], [OrderID], [ProductID], [Quantity]) VALUES (343, 10377, 39, 20)
INSERT [dbo].[OrderDetails] ([OrderDetailID], [OrderID], [ProductID], [Quantity]) VALUES (344, 10378, 71, 6)
INSERT [dbo].[OrderDetails] ([OrderDetailID], [OrderID], [ProductID], [Quantity]) VALUES (345, 10379, 41, 8)
INSERT [dbo].[OrderDetails] ([OrderDetailID], [OrderID], [ProductID], [Quantity]) VALUES (346, 10379, 63, 16)
INSERT [dbo].[OrderDetails] ([OrderDetailID], [OrderID], [ProductID], [Quantity]) VALUES (347, 10379, 65, 20)
INSERT [dbo].[OrderDetails] ([OrderDetailID], [OrderID], [ProductID], [Quantity]) VALUES (348, 10380, 30, 18)
INSERT [dbo].[OrderDetails] ([OrderDetailID], [OrderID], [ProductID], [Quantity]) VALUES (349, 10380, 53, 20)
INSERT [dbo].[OrderDetails] ([OrderDetailID], [OrderID], [ProductID], [Quantity]) VALUES (350, 10380, 60, 6)
INSERT [dbo].[OrderDetails] ([OrderDetailID], [OrderID], [ProductID], [Quantity]) VALUES (351, 10380, 70, 30)
INSERT [dbo].[OrderDetails] ([OrderDetailID], [OrderID], [ProductID], [Quantity]) VALUES (352, 10381, 74, 14)
INSERT [dbo].[OrderDetails] ([OrderDetailID], [OrderID], [ProductID], [Quantity]) VALUES (353, 10382, 5, 32)
INSERT [dbo].[OrderDetails] ([OrderDetailID], [OrderID], [ProductID], [Quantity]) VALUES (354, 10382, 18, 9)
INSERT [dbo].[OrderDetails] ([OrderDetailID], [OrderID], [ProductID], [Quantity]) VALUES (355, 10382, 29, 14)
INSERT [dbo].[OrderDetails] ([OrderDetailID], [OrderID], [ProductID], [Quantity]) VALUES (356, 10382, 33, 60)
INSERT [dbo].[OrderDetails] ([OrderDetailID], [OrderID], [ProductID], [Quantity]) VALUES (357, 10382, 74, 50)
INSERT [dbo].[OrderDetails] ([OrderDetailID], [OrderID], [ProductID], [Quantity]) VALUES (358, 10383, 13, 20)
INSERT [dbo].[OrderDetails] ([OrderDetailID], [OrderID], [ProductID], [Quantity]) VALUES (359, 10383, 50, 15)
INSERT [dbo].[OrderDetails] ([OrderDetailID], [OrderID], [ProductID], [Quantity]) VALUES (360, 10383, 56, 20)
INSERT [dbo].[OrderDetails] ([OrderDetailID], [OrderID], [ProductID], [Quantity]) VALUES (361, 10384, 20, 28)
INSERT [dbo].[OrderDetails] ([OrderDetailID], [OrderID], [ProductID], [Quantity]) VALUES (362, 10384, 60, 15)
INSERT [dbo].[OrderDetails] ([OrderDetailID], [OrderID], [ProductID], [Quantity]) VALUES (363, 10385, 7, 10)
INSERT [dbo].[OrderDetails] ([OrderDetailID], [OrderID], [ProductID], [Quantity]) VALUES (364, 10385, 60, 20)
INSERT [dbo].[OrderDetails] ([OrderDetailID], [OrderID], [ProductID], [Quantity]) VALUES (365, 10385, 68, 8)
INSERT [dbo].[OrderDetails] ([OrderDetailID], [OrderID], [ProductID], [Quantity]) VALUES (366, 10386, 24, 15)
INSERT [dbo].[OrderDetails] ([OrderDetailID], [OrderID], [ProductID], [Quantity]) VALUES (367, 10386, 34, 10)
INSERT [dbo].[OrderDetails] ([OrderDetailID], [OrderID], [ProductID], [Quantity]) VALUES (368, 10387, 24, 15)
INSERT [dbo].[OrderDetails] ([OrderDetailID], [OrderID], [ProductID], [Quantity]) VALUES (369, 10387, 28, 6)
INSERT [dbo].[OrderDetails] ([OrderDetailID], [OrderID], [ProductID], [Quantity]) VALUES (370, 10387, 59, 12)
INSERT [dbo].[OrderDetails] ([OrderDetailID], [OrderID], [ProductID], [Quantity]) VALUES (371, 10387, 71, 15)
INSERT [dbo].[OrderDetails] ([OrderDetailID], [OrderID], [ProductID], [Quantity]) VALUES (372, 10388, 45, 15)
INSERT [dbo].[OrderDetails] ([OrderDetailID], [OrderID], [ProductID], [Quantity]) VALUES (373, 10388, 52, 20)
INSERT [dbo].[OrderDetails] ([OrderDetailID], [OrderID], [ProductID], [Quantity]) VALUES (374, 10388, 53, 40)
INSERT [dbo].[OrderDetails] ([OrderDetailID], [OrderID], [ProductID], [Quantity]) VALUES (375, 10389, 10, 16)
INSERT [dbo].[OrderDetails] ([OrderDetailID], [OrderID], [ProductID], [Quantity]) VALUES (376, 10389, 55, 15)
INSERT [dbo].[OrderDetails] ([OrderDetailID], [OrderID], [ProductID], [Quantity]) VALUES (377, 10389, 62, 20)
INSERT [dbo].[OrderDetails] ([OrderDetailID], [OrderID], [ProductID], [Quantity]) VALUES (378, 10389, 70, 30)
INSERT [dbo].[OrderDetails] ([OrderDetailID], [OrderID], [ProductID], [Quantity]) VALUES (379, 10390, 31, 60)
INSERT [dbo].[OrderDetails] ([OrderDetailID], [OrderID], [ProductID], [Quantity]) VALUES (380, 10390, 35, 40)
INSERT [dbo].[OrderDetails] ([OrderDetailID], [OrderID], [ProductID], [Quantity]) VALUES (381, 10390, 46, 45)
INSERT [dbo].[OrderDetails] ([OrderDetailID], [OrderID], [ProductID], [Quantity]) VALUES (382, 10390, 72, 24)
INSERT [dbo].[OrderDetails] ([OrderDetailID], [OrderID], [ProductID], [Quantity]) VALUES (383, 10391, 13, 18)
INSERT [dbo].[OrderDetails] ([OrderDetailID], [OrderID], [ProductID], [Quantity]) VALUES (384, 10392, 69, 50)
INSERT [dbo].[OrderDetails] ([OrderDetailID], [OrderID], [ProductID], [Quantity]) VALUES (385, 10393, 2, 25)
INSERT [dbo].[OrderDetails] ([OrderDetailID], [OrderID], [ProductID], [Quantity]) VALUES (386, 10393, 14, 42)
INSERT [dbo].[OrderDetails] ([OrderDetailID], [OrderID], [ProductID], [Quantity]) VALUES (387, 10393, 25, 7)
INSERT [dbo].[OrderDetails] ([OrderDetailID], [OrderID], [ProductID], [Quantity]) VALUES (388, 10393, 26, 70)
INSERT [dbo].[OrderDetails] ([OrderDetailID], [OrderID], [ProductID], [Quantity]) VALUES (389, 10393, 31, 32)
INSERT [dbo].[OrderDetails] ([OrderDetailID], [OrderID], [ProductID], [Quantity]) VALUES (390, 10394, 13, 10)
INSERT [dbo].[OrderDetails] ([OrderDetailID], [OrderID], [ProductID], [Quantity]) VALUES (391, 10394, 62, 10)
INSERT [dbo].[OrderDetails] ([OrderDetailID], [OrderID], [ProductID], [Quantity]) VALUES (392, 10395, 46, 28)
INSERT [dbo].[OrderDetails] ([OrderDetailID], [OrderID], [ProductID], [Quantity]) VALUES (393, 10395, 53, 70)
INSERT [dbo].[OrderDetails] ([OrderDetailID], [OrderID], [ProductID], [Quantity]) VALUES (394, 10395, 69, 8)
INSERT [dbo].[OrderDetails] ([OrderDetailID], [OrderID], [ProductID], [Quantity]) VALUES (395, 10396, 23, 40)
INSERT [dbo].[OrderDetails] ([OrderDetailID], [OrderID], [ProductID], [Quantity]) VALUES (396, 10396, 71, 60)
INSERT [dbo].[OrderDetails] ([OrderDetailID], [OrderID], [ProductID], [Quantity]) VALUES (397, 10396, 72, 21)
INSERT [dbo].[OrderDetails] ([OrderDetailID], [OrderID], [ProductID], [Quantity]) VALUES (398, 10397, 21, 10)
INSERT [dbo].[OrderDetails] ([OrderDetailID], [OrderID], [ProductID], [Quantity]) VALUES (399, 10397, 51, 18)
INSERT [dbo].[OrderDetails] ([OrderDetailID], [OrderID], [ProductID], [Quantity]) VALUES (400, 10398, 35, 30)
GO
INSERT [dbo].[OrderDetails] ([OrderDetailID], [OrderID], [ProductID], [Quantity]) VALUES (401, 10398, 55, 120)
INSERT [dbo].[OrderDetails] ([OrderDetailID], [OrderID], [ProductID], [Quantity]) VALUES (402, 10399, 68, 60)
INSERT [dbo].[OrderDetails] ([OrderDetailID], [OrderID], [ProductID], [Quantity]) VALUES (403, 10399, 71, 30)
INSERT [dbo].[OrderDetails] ([OrderDetailID], [OrderID], [ProductID], [Quantity]) VALUES (404, 10399, 76, 35)
INSERT [dbo].[OrderDetails] ([OrderDetailID], [OrderID], [ProductID], [Quantity]) VALUES (405, 10399, 77, 14)
INSERT [dbo].[OrderDetails] ([OrderDetailID], [OrderID], [ProductID], [Quantity]) VALUES (406, 10400, 29, 21)
INSERT [dbo].[OrderDetails] ([OrderDetailID], [OrderID], [ProductID], [Quantity]) VALUES (407, 10400, 35, 35)
INSERT [dbo].[OrderDetails] ([OrderDetailID], [OrderID], [ProductID], [Quantity]) VALUES (408, 10400, 49, 30)
INSERT [dbo].[OrderDetails] ([OrderDetailID], [OrderID], [ProductID], [Quantity]) VALUES (409, 10401, 30, 18)
INSERT [dbo].[OrderDetails] ([OrderDetailID], [OrderID], [ProductID], [Quantity]) VALUES (410, 10401, 56, 70)
INSERT [dbo].[OrderDetails] ([OrderDetailID], [OrderID], [ProductID], [Quantity]) VALUES (411, 10401, 65, 20)
INSERT [dbo].[OrderDetails] ([OrderDetailID], [OrderID], [ProductID], [Quantity]) VALUES (412, 10401, 71, 60)
INSERT [dbo].[OrderDetails] ([OrderDetailID], [OrderID], [ProductID], [Quantity]) VALUES (413, 10402, 23, 60)
INSERT [dbo].[OrderDetails] ([OrderDetailID], [OrderID], [ProductID], [Quantity]) VALUES (414, 10402, 63, 65)
INSERT [dbo].[OrderDetails] ([OrderDetailID], [OrderID], [ProductID], [Quantity]) VALUES (415, 10403, 16, 21)
INSERT [dbo].[OrderDetails] ([OrderDetailID], [OrderID], [ProductID], [Quantity]) VALUES (416, 10403, 48, 70)
INSERT [dbo].[OrderDetails] ([OrderDetailID], [OrderID], [ProductID], [Quantity]) VALUES (417, 10404, 26, 30)
INSERT [dbo].[OrderDetails] ([OrderDetailID], [OrderID], [ProductID], [Quantity]) VALUES (418, 10404, 42, 40)
INSERT [dbo].[OrderDetails] ([OrderDetailID], [OrderID], [ProductID], [Quantity]) VALUES (419, 10404, 49, 30)
INSERT [dbo].[OrderDetails] ([OrderDetailID], [OrderID], [ProductID], [Quantity]) VALUES (420, 10405, 3, 50)
INSERT [dbo].[OrderDetails] ([OrderDetailID], [OrderID], [ProductID], [Quantity]) VALUES (421, 10406, 1, 10)
INSERT [dbo].[OrderDetails] ([OrderDetailID], [OrderID], [ProductID], [Quantity]) VALUES (422, 10406, 21, 30)
INSERT [dbo].[OrderDetails] ([OrderDetailID], [OrderID], [ProductID], [Quantity]) VALUES (423, 10406, 28, 42)
INSERT [dbo].[OrderDetails] ([OrderDetailID], [OrderID], [ProductID], [Quantity]) VALUES (424, 10406, 36, 5)
INSERT [dbo].[OrderDetails] ([OrderDetailID], [OrderID], [ProductID], [Quantity]) VALUES (425, 10406, 40, 2)
INSERT [dbo].[OrderDetails] ([OrderDetailID], [OrderID], [ProductID], [Quantity]) VALUES (426, 10407, 11, 30)
INSERT [dbo].[OrderDetails] ([OrderDetailID], [OrderID], [ProductID], [Quantity]) VALUES (427, 10407, 69, 15)
INSERT [dbo].[OrderDetails] ([OrderDetailID], [OrderID], [ProductID], [Quantity]) VALUES (428, 10407, 71, 15)
INSERT [dbo].[OrderDetails] ([OrderDetailID], [OrderID], [ProductID], [Quantity]) VALUES (429, 10408, 37, 10)
INSERT [dbo].[OrderDetails] ([OrderDetailID], [OrderID], [ProductID], [Quantity]) VALUES (430, 10408, 54, 6)
INSERT [dbo].[OrderDetails] ([OrderDetailID], [OrderID], [ProductID], [Quantity]) VALUES (431, 10408, 62, 35)
INSERT [dbo].[OrderDetails] ([OrderDetailID], [OrderID], [ProductID], [Quantity]) VALUES (432, 10409, 14, 12)
INSERT [dbo].[OrderDetails] ([OrderDetailID], [OrderID], [ProductID], [Quantity]) VALUES (433, 10409, 21, 12)
INSERT [dbo].[OrderDetails] ([OrderDetailID], [OrderID], [ProductID], [Quantity]) VALUES (434, 10410, 33, 49)
INSERT [dbo].[OrderDetails] ([OrderDetailID], [OrderID], [ProductID], [Quantity]) VALUES (435, 10410, 59, 16)
INSERT [dbo].[OrderDetails] ([OrderDetailID], [OrderID], [ProductID], [Quantity]) VALUES (436, 10411, 41, 25)
INSERT [dbo].[OrderDetails] ([OrderDetailID], [OrderID], [ProductID], [Quantity]) VALUES (437, 10411, 44, 40)
INSERT [dbo].[OrderDetails] ([OrderDetailID], [OrderID], [ProductID], [Quantity]) VALUES (438, 10411, 59, 9)
INSERT [dbo].[OrderDetails] ([OrderDetailID], [OrderID], [ProductID], [Quantity]) VALUES (439, 10412, 14, 20)
INSERT [dbo].[OrderDetails] ([OrderDetailID], [OrderID], [ProductID], [Quantity]) VALUES (440, 10413, 1, 24)
INSERT [dbo].[OrderDetails] ([OrderDetailID], [OrderID], [ProductID], [Quantity]) VALUES (441, 10413, 62, 40)
INSERT [dbo].[OrderDetails] ([OrderDetailID], [OrderID], [ProductID], [Quantity]) VALUES (442, 10413, 76, 14)
INSERT [dbo].[OrderDetails] ([OrderDetailID], [OrderID], [ProductID], [Quantity]) VALUES (443, 10414, 19, 18)
INSERT [dbo].[OrderDetails] ([OrderDetailID], [OrderID], [ProductID], [Quantity]) VALUES (444, 10414, 33, 50)
INSERT [dbo].[OrderDetails] ([OrderDetailID], [OrderID], [ProductID], [Quantity]) VALUES (445, 10415, 17, 2)
INSERT [dbo].[OrderDetails] ([OrderDetailID], [OrderID], [ProductID], [Quantity]) VALUES (446, 10415, 33, 20)
INSERT [dbo].[OrderDetails] ([OrderDetailID], [OrderID], [ProductID], [Quantity]) VALUES (447, 10416, 19, 20)
INSERT [dbo].[OrderDetails] ([OrderDetailID], [OrderID], [ProductID], [Quantity]) VALUES (448, 10416, 53, 10)
INSERT [dbo].[OrderDetails] ([OrderDetailID], [OrderID], [ProductID], [Quantity]) VALUES (449, 10416, 57, 20)
INSERT [dbo].[OrderDetails] ([OrderDetailID], [OrderID], [ProductID], [Quantity]) VALUES (450, 10417, 38, 50)
INSERT [dbo].[OrderDetails] ([OrderDetailID], [OrderID], [ProductID], [Quantity]) VALUES (451, 10417, 46, 2)
INSERT [dbo].[OrderDetails] ([OrderDetailID], [OrderID], [ProductID], [Quantity]) VALUES (452, 10417, 68, 36)
INSERT [dbo].[OrderDetails] ([OrderDetailID], [OrderID], [ProductID], [Quantity]) VALUES (453, 10417, 77, 35)
INSERT [dbo].[OrderDetails] ([OrderDetailID], [OrderID], [ProductID], [Quantity]) VALUES (454, 10418, 2, 60)
INSERT [dbo].[OrderDetails] ([OrderDetailID], [OrderID], [ProductID], [Quantity]) VALUES (455, 10418, 47, 55)
INSERT [dbo].[OrderDetails] ([OrderDetailID], [OrderID], [ProductID], [Quantity]) VALUES (456, 10418, 61, 16)
INSERT [dbo].[OrderDetails] ([OrderDetailID], [OrderID], [ProductID], [Quantity]) VALUES (457, 10418, 74, 15)
INSERT [dbo].[OrderDetails] ([OrderDetailID], [OrderID], [ProductID], [Quantity]) VALUES (458, 10419, 60, 60)
INSERT [dbo].[OrderDetails] ([OrderDetailID], [OrderID], [ProductID], [Quantity]) VALUES (459, 10419, 69, 20)
INSERT [dbo].[OrderDetails] ([OrderDetailID], [OrderID], [ProductID], [Quantity]) VALUES (460, 10420, 9, 20)
INSERT [dbo].[OrderDetails] ([OrderDetailID], [OrderID], [ProductID], [Quantity]) VALUES (461, 10420, 13, 2)
INSERT [dbo].[OrderDetails] ([OrderDetailID], [OrderID], [ProductID], [Quantity]) VALUES (462, 10420, 70, 8)
INSERT [dbo].[OrderDetails] ([OrderDetailID], [OrderID], [ProductID], [Quantity]) VALUES (463, 10420, 73, 20)
INSERT [dbo].[OrderDetails] ([OrderDetailID], [OrderID], [ProductID], [Quantity]) VALUES (464, 10421, 19, 4)
INSERT [dbo].[OrderDetails] ([OrderDetailID], [OrderID], [ProductID], [Quantity]) VALUES (465, 10421, 26, 30)
INSERT [dbo].[OrderDetails] ([OrderDetailID], [OrderID], [ProductID], [Quantity]) VALUES (466, 10421, 53, 15)
INSERT [dbo].[OrderDetails] ([OrderDetailID], [OrderID], [ProductID], [Quantity]) VALUES (467, 10421, 77, 10)
INSERT [dbo].[OrderDetails] ([OrderDetailID], [OrderID], [ProductID], [Quantity]) VALUES (468, 10422, 26, 2)
INSERT [dbo].[OrderDetails] ([OrderDetailID], [OrderID], [ProductID], [Quantity]) VALUES (469, 10423, 31, 14)
INSERT [dbo].[OrderDetails] ([OrderDetailID], [OrderID], [ProductID], [Quantity]) VALUES (470, 10423, 59, 20)
INSERT [dbo].[OrderDetails] ([OrderDetailID], [OrderID], [ProductID], [Quantity]) VALUES (471, 10424, 35, 60)
INSERT [dbo].[OrderDetails] ([OrderDetailID], [OrderID], [ProductID], [Quantity]) VALUES (472, 10424, 38, 49)
INSERT [dbo].[OrderDetails] ([OrderDetailID], [OrderID], [ProductID], [Quantity]) VALUES (473, 10424, 68, 30)
INSERT [dbo].[OrderDetails] ([OrderDetailID], [OrderID], [ProductID], [Quantity]) VALUES (474, 10425, 55, 10)
INSERT [dbo].[OrderDetails] ([OrderDetailID], [OrderID], [ProductID], [Quantity]) VALUES (475, 10425, 76, 20)
INSERT [dbo].[OrderDetails] ([OrderDetailID], [OrderID], [ProductID], [Quantity]) VALUES (476, 10426, 56, 5)
INSERT [dbo].[OrderDetails] ([OrderDetailID], [OrderID], [ProductID], [Quantity]) VALUES (477, 10426, 64, 7)
INSERT [dbo].[OrderDetails] ([OrderDetailID], [OrderID], [ProductID], [Quantity]) VALUES (478, 10427, 14, 35)
INSERT [dbo].[OrderDetails] ([OrderDetailID], [OrderID], [ProductID], [Quantity]) VALUES (479, 10428, 46, 20)
INSERT [dbo].[OrderDetails] ([OrderDetailID], [OrderID], [ProductID], [Quantity]) VALUES (480, 10429, 50, 40)
INSERT [dbo].[OrderDetails] ([OrderDetailID], [OrderID], [ProductID], [Quantity]) VALUES (481, 10429, 63, 35)
INSERT [dbo].[OrderDetails] ([OrderDetailID], [OrderID], [ProductID], [Quantity]) VALUES (482, 10430, 17, 45)
INSERT [dbo].[OrderDetails] ([OrderDetailID], [OrderID], [ProductID], [Quantity]) VALUES (483, 10430, 21, 50)
INSERT [dbo].[OrderDetails] ([OrderDetailID], [OrderID], [ProductID], [Quantity]) VALUES (484, 10430, 56, 30)
INSERT [dbo].[OrderDetails] ([OrderDetailID], [OrderID], [ProductID], [Quantity]) VALUES (485, 10430, 59, 70)
INSERT [dbo].[OrderDetails] ([OrderDetailID], [OrderID], [ProductID], [Quantity]) VALUES (486, 10431, 17, 50)
INSERT [dbo].[OrderDetails] ([OrderDetailID], [OrderID], [ProductID], [Quantity]) VALUES (487, 10431, 40, 50)
INSERT [dbo].[OrderDetails] ([OrderDetailID], [OrderID], [ProductID], [Quantity]) VALUES (488, 10431, 47, 30)
INSERT [dbo].[OrderDetails] ([OrderDetailID], [OrderID], [ProductID], [Quantity]) VALUES (489, 10432, 26, 10)
INSERT [dbo].[OrderDetails] ([OrderDetailID], [OrderID], [ProductID], [Quantity]) VALUES (490, 10432, 54, 40)
INSERT [dbo].[OrderDetails] ([OrderDetailID], [OrderID], [ProductID], [Quantity]) VALUES (491, 10433, 56, 28)
INSERT [dbo].[OrderDetails] ([OrderDetailID], [OrderID], [ProductID], [Quantity]) VALUES (492, 10434, 11, 6)
INSERT [dbo].[OrderDetails] ([OrderDetailID], [OrderID], [ProductID], [Quantity]) VALUES (493, 10434, 76, 18)
INSERT [dbo].[OrderDetails] ([OrderDetailID], [OrderID], [ProductID], [Quantity]) VALUES (494, 10435, 2, 10)
INSERT [dbo].[OrderDetails] ([OrderDetailID], [OrderID], [ProductID], [Quantity]) VALUES (495, 10435, 22, 12)
INSERT [dbo].[OrderDetails] ([OrderDetailID], [OrderID], [ProductID], [Quantity]) VALUES (496, 10435, 72, 10)
INSERT [dbo].[OrderDetails] ([OrderDetailID], [OrderID], [ProductID], [Quantity]) VALUES (497, 10436, 46, 5)
INSERT [dbo].[OrderDetails] ([OrderDetailID], [OrderID], [ProductID], [Quantity]) VALUES (498, 10436, 56, 40)
INSERT [dbo].[OrderDetails] ([OrderDetailID], [OrderID], [ProductID], [Quantity]) VALUES (499, 10436, 64, 30)
INSERT [dbo].[OrderDetails] ([OrderDetailID], [OrderID], [ProductID], [Quantity]) VALUES (500, 10436, 75, 24)
GO
INSERT [dbo].[OrderDetails] ([OrderDetailID], [OrderID], [ProductID], [Quantity]) VALUES (501, 10437, 53, 15)
INSERT [dbo].[OrderDetails] ([OrderDetailID], [OrderID], [ProductID], [Quantity]) VALUES (502, 10438, 19, 15)
INSERT [dbo].[OrderDetails] ([OrderDetailID], [OrderID], [ProductID], [Quantity]) VALUES (503, 10438, 34, 20)
INSERT [dbo].[OrderDetails] ([OrderDetailID], [OrderID], [ProductID], [Quantity]) VALUES (504, 10438, 57, 15)
INSERT [dbo].[OrderDetails] ([OrderDetailID], [OrderID], [ProductID], [Quantity]) VALUES (505, 10439, 12, 15)
INSERT [dbo].[OrderDetails] ([OrderDetailID], [OrderID], [ProductID], [Quantity]) VALUES (506, 10439, 16, 16)
INSERT [dbo].[OrderDetails] ([OrderDetailID], [OrderID], [ProductID], [Quantity]) VALUES (507, 10439, 64, 6)
INSERT [dbo].[OrderDetails] ([OrderDetailID], [OrderID], [ProductID], [Quantity]) VALUES (508, 10439, 74, 30)
INSERT [dbo].[OrderDetails] ([OrderDetailID], [OrderID], [ProductID], [Quantity]) VALUES (509, 10440, 2, 45)
INSERT [dbo].[OrderDetails] ([OrderDetailID], [OrderID], [ProductID], [Quantity]) VALUES (510, 10440, 16, 49)
INSERT [dbo].[OrderDetails] ([OrderDetailID], [OrderID], [ProductID], [Quantity]) VALUES (511, 10440, 29, 24)
INSERT [dbo].[OrderDetails] ([OrderDetailID], [OrderID], [ProductID], [Quantity]) VALUES (512, 10440, 61, 90)
INSERT [dbo].[OrderDetails] ([OrderDetailID], [OrderID], [ProductID], [Quantity]) VALUES (513, 10441, 27, 50)
INSERT [dbo].[OrderDetails] ([OrderDetailID], [OrderID], [ProductID], [Quantity]) VALUES (514, 10442, 11, 30)
INSERT [dbo].[OrderDetails] ([OrderDetailID], [OrderID], [ProductID], [Quantity]) VALUES (515, 10442, 54, 80)
INSERT [dbo].[OrderDetails] ([OrderDetailID], [OrderID], [ProductID], [Quantity]) VALUES (516, 10442, 66, 60)
INSERT [dbo].[OrderDetails] ([OrderDetailID], [OrderID], [ProductID], [Quantity]) VALUES (517, 10443, 11, 6)
INSERT [dbo].[OrderDetails] ([OrderDetailID], [OrderID], [ProductID], [Quantity]) VALUES (518, 10443, 28, 12)

----------------
SELECT * FROM [dbo].[Categories]--CatID(PK),
SELECT * FROM [dbo].[Customer]--CustID(PK)
SELECT * FROM [dbo].[Employees]--EmpID(PK)
SELECT * FROM [dbo].[Shippers] --Shipper(PK)
SELECT * FROM [dbo].[Orders]--OrderID(PK),[CustomerID](FK),[EmployeeID](FK),[ShipperID](FK)
SELECT * FROM [dbo].[Suppliers]--SupplierID(PK)
SELECT * FROM [dbo].[Products]--[ProductID](PK),[SupplierID](FK),[CategoryID](FK)
SELECT * FROM [dbo].[OrderDetails]--OrderDetailID (PK),[OrderID](FK),[ProductID](FK)
